insert into users (username, password, user_name, user_email, date_joined, is_admin, is_pending, date_approved) values ('tthompson0', 'jf8B2UVeXMSn', 'Teresa Thompson', 'tthompson0@multiply.com', '2015-08-03 04:42:34', true, false, '2015-04-06 16:39:27');
insert into users (username, password, user_name, user_email, date_joined, is_admin, is_pending, date_approved) values ('jjohnson1', 'f5mzLY', 'Joshua Johnson', 'jjohnson1@vkontakte.ru', '2015-01-11 13:27:07', false, false, '2015-05-30 15:14:47');
insert into users (username, password, user_name, user_email, date_joined, is_admin, is_pending, date_approved) values ('lbell2', 'QMnlrQ9CF5', 'Lawrence Bell', 'lbell2@ycombinator.com', '2015-04-01 02:32:03', true, false, '2014-12-10 16:19:53');
insert into users (username, password, user_name, user_email, date_joined, is_admin, is_pending, date_approved) values ('plewis3', 'TyrToUW1Z', 'Paul Lewis', 'plewis3@businessinsider.com', '2015-08-20 22:28:29', false, false, '2015-01-28 08:27:44');
insert into users (username, password, user_name, user_email, date_joined, is_admin, is_pending, date_approved) values ('mcoleman4', '6iXcPqq', 'Matthew Coleman', 'mcoleman4@topsy.com', '2015-02-02 08:23:20', false, true, '2015-11-28 04:15:37');
insert into users (username, password, user_name, user_email, date_joined, is_admin, is_pending, date_approved) values ('rward5', 'NdYe46NzwgXD', 'Ryan Ward', 'rward5@sitemeter.com', '2015-01-01 12:26:06', true, false, '2015-07-24 20:57:06');
insert into users (username, password, user_name, user_email, date_joined, is_admin, is_pending, date_approved) values ('emoore6', 'zubFPu', 'Eric Moore', 'emoore6@tuttocitta.it', '2015-06-05 15:48:47', false, true, '2015-06-01 05:09:43');
insert into users (username, password, user_name, user_email, date_joined, is_admin, is_pending, date_approved) values ('ldaniels7', 'YkpqSnDoY', 'Louis Daniels', 'ldaniels7@wired.com', '2015-02-06 10:50:28', false, false, '2015-07-10 04:41:36');
insert into users (username, password, user_name, user_email, date_joined, is_admin, is_pending, date_approved) values ('laustin8', 'KT2MaDEYNE', 'Laura Austin', 'laustin8@mayoclinic.com', '2015-06-20 09:44:32', true, false, '2015-04-17 14:46:56');
insert into users (username, password, user_name, user_email, date_joined, is_admin, is_pending, date_approved) values ('sburns9', 'u4uZHMjmZnja', 'Steve Burns', 'sburns9@geocities.jp', '2015-07-11 15:13:26', true, false, '2015-09-19 15:24:07');
insert into users (username, password, user_name, user_email, date_joined, is_admin, is_pending, date_approved) values ('jhuntera', 'Sfq5vc4', 'Jeremy Hunter', 'jhuntera@cyberchimps.com', '2015-08-09 14:07:18', true, false, '2015-01-30 04:31:18');
insert into users (username, password, user_name, user_email, date_joined, is_admin, is_pending, date_approved) values ('pbaileyb', 'yso9I2Mb8g', 'Pamela Bailey', 'pbaileyb@youtube.com', '2015-07-31 19:21:45', false, false, '2015-11-18 07:36:44');
insert into users (username, password, user_name, user_email, date_joined, is_admin, is_pending, date_approved) values ('amorrisc', 'ixqUaKF2Vxl', 'Aaron Morris', 'amorrisc@theatlantic.com', '2015-06-05 15:30:10', false, false, '2015-07-31 10:40:19');
insert into users (username, password, user_name, user_email, date_joined, is_admin, is_pending, date_approved) values ('rnelsond', 'vcY2DN', 'Ralph Nelson', 'rnelsond@senate.gov', '2014-12-16 08:15:03', false, true, '2015-07-24 14:09:42');
insert into users (username, password, user_name, user_email, date_joined, is_admin, is_pending, date_approved) values ('cruize', 'EIxMXbssmCq', 'Cynthia Ruiz', 'cruize@angelfire.com', '2015-09-25 13:05:29', true, false, '2014-12-16 06:05:24');
insert into users (username, password, user_name, user_email, date_joined, is_admin, is_pending, date_approved) values ('jhillf', 'l7VBqZJ14ff', 'Joyce Hill', 'jhillf@bluehost.com', '2015-03-23 14:56:41', false, true, '2015-03-11 05:33:32');
insert into users (username, password, user_name, user_email, date_joined, is_admin, is_pending, date_approved) values ('hlaneg', '1k0MQWdd', 'Helen Lane', 'hlaneg@smugmug.com', '2015-08-06 17:37:45', true, false, '2015-04-13 19:08:04');
insert into users (username, password, user_name, user_email, date_joined, is_admin, is_pending, date_approved) values ('clawsonh', 'helqgeNA8', 'Carolyn Lawson', 'clawsonh@zdnet.com', '2015-09-27 01:24:43', true, false, '2015-10-16 13:14:00');
insert into users (username, password, user_name, user_email, date_joined, is_admin, is_pending, date_approved) values ('bwatsoni', 'slDvk8jN8', 'Billy Watson', 'bwatsoni@epa.gov', '2015-02-21 03:25:59', false, true, '2014-12-21 16:07:43');
insert into users (username, password, user_name, user_email, date_joined, is_admin, is_pending, date_approved) values ('jleej', 'dAzXvLf', 'Jacqueline Lee', 'jleej@cafepress.com', '2015-10-05 15:51:51', true, false, '2015-11-26 07:45:58');
insert into users (username, password, user_name, user_email, date_joined, is_admin, is_pending, date_approved) values ('admin1', 'admin1', 'Admin 1', 'admin1@gmail.com', '2015-10-05 15:51:51', true, false, '2015-11-26 07:45:58');

insert into artist (stage_name, artist_name, description) values ('Alan Martinez', 'Alan Martinez', '796 Prairie Rose Lane');
insert into artist (stage_name, artist_name, description) values ('Denise Gomez', 'Denise Gomez', '3 Troy Center');
insert into artist (stage_name, artist_name, description) values ('Louise Lawson', 'Louise Lawson', '52208 Sullivan Circle');
insert into artist (stage_name, artist_name, description) values ('Andrea Owens', 'Andrea Owens', '66 Bonner Street');
insert into artist (stage_name, artist_name, description) values ('Ruth Fisher', 'Ruth Fisher', '45191 Buena Vista Way');
insert into artist (stage_name, artist_name, description) values ('Gloria Morris', 'Gloria Morris', '70625 Dayton Point');
insert into artist (stage_name, artist_name, description) values ('Beverly Hill', 'Beverly Hill', '78941 Del Mar Road');
insert into artist (stage_name, artist_name, description) values ('Lois Lawson', 'Lois Lawson', '2928 Algoma Terrace');
insert into artist (stage_name, artist_name, description) values ('Raymond Warren', 'Raymond Warren', '11723 Melvin Point');
insert into artist (stage_name, artist_name, description) values ('Arthur Ramos', 'Arthur Ramos', '254 Anderson Hill');
insert into artist (stage_name, artist_name, description) values ('Andrew Riley', 'Andrew Riley', '6 Vidon Park');
insert into artist (stage_name, artist_name, description) values ('Alice Evans', 'Alice Evans', '739 Crescent Oaks Drive');
insert into artist (stage_name, artist_name, description) values ('Ryan Nguyen', 'Ryan Nguyen', '38 Blackbird Lane');
insert into artist (stage_name, artist_name, description) values ('Tammy Baker', 'Tammy Baker', '9666 Lakewood Gardens Pass');
insert into artist (stage_name, artist_name, description) values ('Louise Evans', 'Louise Evans', '869 Sherman Trail');
insert into artist (stage_name, artist_name, description) values ('Annie Owens', 'Annie Owens', '52 Larry Drive');
insert into artist (stage_name, artist_name, description) values ('Clarence Gordon', 'Clarence Gordon', '71658 Straubel Parkway');
insert into artist (stage_name, artist_name, description) values ('Teresa Crawford', 'Teresa Crawford', '0 Center Street');
insert into artist (stage_name, artist_name, description) values ('Brian Little', 'Brian Little', '53687 Susan Circle');
insert into artist (stage_name, artist_name, description) values ('Douglas Brown', 'Douglas Brown', '6 Portage Alley');
insert into artist (stage_name, artist_name, description) values ('Daft Punk', 'Daft Punk', '');

insert into album (album_name, album_date_released, album_number_of_songs, album_id, artist) values ('proin at turpis', '2015-01-05 11:38:42', 0, 1, 'Louise Lawson');
insert into album (album_name, album_date_released, album_number_of_songs, album_id, artist) values ('orci luctus et', '2015-11-04 04:09:04', 0, 2, 'Louise Lawson');
insert into album (album_name, album_date_released, album_number_of_songs, album_id, artist) values ('in imperdiet', '2015-03-25 08:57:01', 0, 3, 'Andrea Owens');
insert into album (album_name, album_date_released, album_number_of_songs, album_id, artist) values ('lobortis ligula sit', '2015-09-20 23:37:15', 0, 4, 'Annie Owens');
insert into album (album_name, album_date_released, album_number_of_songs, album_id, artist) values ('laoreet ut', '2015-09-27 21:43:57', 0, 5, 'Andrea Owens');
insert into album (album_name, album_date_released, album_number_of_songs, album_id, artist) values ('nonummy', '2015-08-30 19:55:51', 0, 6, 'Daft Punk');
insert into album (album_name, album_date_released, album_number_of_songs, album_id, artist) values ('dapibus', '2015-09-23 18:51:33', 0, 7, 'Tammy Baker');
insert into album (album_name, album_date_released, album_number_of_songs, album_id, artist) values ('odio', '2015-01-11 16:58:35', 0, 8, 'Douglas Brown');
insert into album (album_name, album_date_released, album_number_of_songs, album_id, artist) values ('rhoncus dui vel', '2015-07-21 19:01:14', 0, 9, 'Alan Martinez');
insert into album (album_name, album_date_released, album_number_of_songs, album_id, artist) values ('in', '2015-07-31 03:22:29', 0, 10, 'Gloria Morris');
insert into album (album_name, album_date_released, album_number_of_songs, album_id, artist) values ('posuere', '2015-07-18 20:08:46', 0, 11, 'Alice Evans');
insert into album (album_name, album_date_released, album_number_of_songs, album_id, artist) values ('ligula in lacus', '2015-11-12 04:50:05', 0, 12, 'Beverly Hill');
insert into album (album_name, album_date_released, album_number_of_songs, album_id, artist) values ('semper porta', '2015-11-17 23:27:59', 0, 13, 'Daft Punk');
insert into album (album_name, album_date_released, album_number_of_songs, album_id, artist) values ('cum sociis', '2015-03-08 13:01:30', 0, 14, 'Gloria Morris');
insert into album (album_name, album_date_released, album_number_of_songs, album_id, artist) values ('blandit ultrices', '2015-08-09 20:40:54', 0, 15, 'Alice Evans');
insert into album (album_name, album_date_released, album_number_of_songs, album_id, artist) values ('nulla', '2014-12-08 04:21:10', 0, 16, 'Louise Lawson');
insert into album (album_name, album_date_released, album_number_of_songs, album_id, artist) values ('nisl ut', '2015-06-20 17:13:12', 0, 17, 'Beverly Hill');
insert into album (album_name, album_date_released, album_number_of_songs, album_id, artist) values ('diam nam', '2015-06-18 12:48:58', 0, 18, 'Louise Lawson');
insert into album (album_name, album_date_released, album_number_of_songs, album_id, artist) values ('enim', '2015-05-22 07:20:59', 0, 19, 'Arthur Ramos');
insert into album (album_name, album_date_released, album_number_of_songs, album_id, artist) values ('vel lectus', '2014-12-21 14:03:49', 0, 20, 'Teresa Crawford');
insert into album (album_name, album_date_released, album_number_of_songs, album_id, artist) values ('eget', '2015-11-23 15:56:19', 0, 21, 'Andrew Riley');
insert into album (album_name, album_date_released, album_number_of_songs, album_id, artist) values ('convallis', '2015-07-28 11:10:10', 0, 22, 'Alan Martinez');
insert into album (album_name, album_date_released, album_number_of_songs, album_id, artist) values ('ultrices posuere', '2014-12-13 10:41:52', 0, 23, 'Ruth Fisher');
insert into album (album_name, album_date_released, album_number_of_songs, album_id, artist) values ('vivamus', '2015-08-13 20:27:43', 0, 24, 'Tammy Baker');
insert into album (album_name, album_date_released, album_number_of_songs, album_id, artist) values ('odio in', '2015-06-07 14:07:59', 0, 25, 'Clarence Gordon');
insert into album (album_name, album_date_released, album_number_of_songs, album_id, artist) values ('eu', '2015-10-07 23:02:18', 0, 26, 'Alan Martinez');
insert into album (album_name, album_date_released, album_number_of_songs, album_id, artist) values ('mattis odio', '2014-12-17 09:29:15', 0, 27, 'Tammy Baker');
insert into album (album_name, album_date_released, album_number_of_songs, album_id, artist) values ('vulputate elementum nullam', '2015-03-05 18:07:06', 0, 28, 'Alice Evans');
insert into album (album_name, album_date_released, album_number_of_songs, album_id, artist) values ('mauris ullamcorper', '2015-01-05 08:49:28', 0, 29, 'Ruth Fisher');
insert into album (album_name, album_date_released, album_number_of_songs, album_id, artist) values ('orci pede', '2015-04-04 15:16:53', 0, 30, 'Denise Gomez');
insert into song (song_id, song_title, date_added, number_of_times_played, is_recommended, username, artist, album, online_link, offline_link) values (1, 'sit amet consectetuer adipiscing elit proin', '2015-09-20 00:59:36', 34, true, 'plewis3', 'Louise Lawson', 'dapibus', 'https://ocn.ne.jp/eu/mi/nulla/ac/enim/in.js', null);
insert into song (song_id, song_title, date_added, number_of_times_played, is_recommended, username, artist, album, online_link, offline_link) values (2, 'quis justo', '2015-01-19 23:17:00', 42, true, 'emoore6', 'Alice Evans', 'in imperdiet', null, 'distraught.mp3');
insert into song (song_id, song_title, date_added, number_of_times_played, is_recommended, username, artist, album, online_link, offline_link) values (3, 'dis parturient montes nascetur ridiculus', '2015-05-21 03:08:20', 91, true, 'mcoleman4', 'Louise Evans', 'convallis', 'https://boston.com/justo/etiam/pretium.jsp', 'whirs.mp3');
insert into song (song_id, song_title, date_added, number_of_times_played, is_recommended, username, artist, album, online_link, offline_link) values (4, 'erat nulla tempus vivamus', '2014-12-14 01:59:13', 24, false, 'plewis3', 'Louise Lawson', 'semper porta', 'http://mail.ru/mollis/molestie.jsp', 'undeveloped.mp3');
insert into song (song_id, song_title, date_added, number_of_times_played, is_recommended, username, artist, album, online_link, offline_link) values (5, 'integer non velit', '2015-07-10 08:26:54', 2, true, 'pbaileyb', 'Andrea Owens', 'cum sociis', 'https://histats.com/odio/donec/vitae/nisi/nam.jsp', null);
insert into song (song_id, song_title, date_added, number_of_times_played, is_recommended, username, artist, album, online_link, offline_link) values (6, 'tempus semper est quam pharetra magna', '2015-01-05 20:20:57', 68, true, 'jhillf', 'Brian Little', 'enim', 'http://engadget.com/eget/eleifend/luctus/ultricies/eu/nibh/quisque.aspx', 'conjure.mp3');
insert into song (song_id, song_title, date_added, number_of_times_played, is_recommended, username, artist, album, online_link, offline_link) values (7, 'at lorem integer tincidunt ante vel', '2015-10-16 19:25:33', 82, false, 'plewis3', 'Ruth Fisher', 'lobortis ligula sit', 'http://google.com.hk/curae/mauris.aspx', 'muscle.mp3');
insert into song (song_id, song_title, date_added, number_of_times_played, is_recommended, username, artist, album, online_link, offline_link) values (8, 'nibh in hac habitasse platea', '2015-07-30 23:12:19', 95, true, 'ldaniels7', 'Ruth Fisher', 'ligula in lacus', 'https://arstechnica.com/curae.png', 'banker''s.mp3');
insert into song (song_id, song_title, date_added, number_of_times_played, is_recommended, username, artist, album, online_link, offline_link) values (9, 'luctus et ultrices posuere', '2015-05-30 19:13:07', 10, false, 'mcoleman4', 'Ruth Fisher', 'blandit ultrices', 'https://blogger.com/cubilia/curae/nulla/dapibus/dolor.aspx', null);
insert into song (song_id, song_title, date_added, number_of_times_played, is_recommended, username, artist, album, online_link, offline_link) values (10, 'rutrum nulla', '2015-03-30 17:45:00', 24, false, 'jhillf', 'Andrew Riley', 'eget', 'http://csmonitor.com/augue/a/suscipit/nulla.aspx', 'starters.mp3');
insert into song (song_id, song_title, date_added, number_of_times_played, is_recommended, username, artist, album, online_link, offline_link) values (11, 'nascetur ridiculus mus vivamus vestibulum', '2015-11-24 12:42:26', 7, false, 'bwatsoni', 'Arthur Ramos', 'blandit ultrices', null, 'rehashed.mp3');
insert into song (song_id, song_title, date_added, number_of_times_played, is_recommended, username, artist, album, online_link, offline_link) values (12, 'pharetra magna vestibulum aliquet ultrices erat', '2015-10-31 11:10:52', 90, false, 'rnelsond', 'Ruth Fisher', 'nisl ut', 'http://hhs.gov/platea/dictumst/morbi/vestibulum/velit.xml', null);
insert into song (song_id, song_title, date_added, number_of_times_played, is_recommended, username, artist, album, online_link, offline_link) values (13, 'elit proin', '2015-07-13 07:05:55', 45, true, 'jjohnson1', 'Denise Gomez', 'blandit ultrices', 'http://youtu.be/nulla/suscipit/ligula/in/lacus.xml', 'bargaining.mp3');
insert into song (song_id, song_title, date_added, number_of_times_played, is_recommended, username, artist, album, online_link, offline_link) values (14, 'sit amet nunc viverra dapibus', '2015-07-09 22:22:15', 26, true, 'jjohnson1', 'Denise Gomez', 'mattis odio', 'http://elpais.com/integer.json', 'logically.mp3');
insert into song (song_id, song_title, date_added, number_of_times_played, is_recommended, username, artist, album, online_link, offline_link) values (15, 'dictumst maecenas ut massa', '2015-04-04 08:01:31', 35, false, 'jhillf', 'Alan Martinez', 'enim', null, 'froth.mp3');
insert into song (song_id, song_title, date_added, number_of_times_played, is_recommended, username, artist, album, online_link, offline_link) values (16, 'sed justo pellentesque', '2015-03-06 03:17:17', 65, false, 'mcoleman4', 'Denise Gomez', 'vivamus', null, null);
insert into song (song_id, song_title, date_added, number_of_times_played, is_recommended, username, artist, album, online_link, offline_link) values (17, 'risus praesent lectus vestibulum', '2014-12-26 08:42:44', 27, true, 'amorrisc', 'Teresa Crawford', 'semper porta', 'https://jiathis.com/ut/tellus/nulla/ut.jpg', 'outsiders.mp3');
insert into song (song_id, song_title, date_added, number_of_times_played, is_recommended, username, artist, album, online_link, offline_link) values (18, 'ut blandit non interdum in', '2015-08-25 10:28:15', 89, true, 'jjohnson1', 'Alan Martinez', 'eget', 'https://economist.com/justo/sit/amet/sapien.aspx', null);
insert into song (song_id, song_title, date_added, number_of_times_played, is_recommended, username, artist, album, online_link, offline_link) values (19, 'integer pede justo lacinia eget tincidunt', '2015-02-01 00:20:58', 72, false, 'mcoleman4', 'Raymond Warren', 'nonummy', null, 'fleece.mp3');
insert into song (song_id, song_title, date_added, number_of_times_played, is_recommended, username, artist, album, online_link, offline_link) values (20, 'tincidunt nulla mollis', '2015-09-09 02:34:39', 40, false, 'jjohnson1', 'Clarence Gordon', 'vel lectus', 'https://earthlink.net/dolor/sit/amet.png', null);
insert into song (song_id, song_title, date_added, number_of_times_played, is_recommended, username, artist, album, online_link, offline_link) values (21, 'cubilia curae donec pharetra magna', '2015-01-25 11:49:15', 37, false, 'jjohnson1', 'Alan Martinez', 'ligula in lacus', 'http://vistaprint.com/convallis/eget/eleifend/luctus/ultricies.jsp', null);
insert into song (song_id, song_title, date_added, number_of_times_played, is_recommended, username, artist, album, online_link, offline_link) values (22, 'imperdiet nullam orci pede', '2015-03-22 11:30:08', 18, false, 'pbaileyb', 'Ruth Fisher', 'mattis odio', null, null);
insert into song (song_id, song_title, date_added, number_of_times_played, is_recommended, username, artist, album, online_link, offline_link) values (23, 'pede ac diam', '2015-05-27 04:46:43', 1, true, 'ldaniels7', 'Louise Evans', 'vivamus', 'https://elegantthemes.com/placerat/praesent/blandit/nam/nulla/integer/pede.html', null);
insert into song (song_id, song_title, date_added, number_of_times_played, is_recommended, username, artist, album, online_link, offline_link) values (24, 'tristique est et tempus semper', '2015-09-07 18:02:00', 37, false, 'jjohnson1', 'Annie Owens', 'mauris ullamcorper', null, null);
insert into song (song_id, song_title, date_added, number_of_times_played, is_recommended, username, artist, album, online_link, offline_link) values (25, 'vulputate ut ultrices', '2015-08-04 08:11:08', 44, true, 'ldaniels7', 'Annie Owens', 'odio in', 'https://reverbnation.com/morbi/non/quam/nec.png', 'chillest.mp3');
insert into song (song_id, song_title, date_added, number_of_times_played, is_recommended, username, artist, album, online_link, offline_link) values (26, 'in consequat ut nulla sed', '2015-02-14 17:58:29', 62, false, 'mcoleman4', 'Brian Little', 'vel lectus', 'http://wiley.com/praesent/lectus/vestibulum/quam/sapien/varius/ut.aspx', null);
insert into song (song_id, song_title, date_added, number_of_times_played, is_recommended, username, artist, album, online_link, offline_link) values (27, 'rhoncus aliquam lacus morbi', '2015-09-25 16:59:55', 79, false, 'amorrisc', 'Raymond Warren', 'nulla', 'https://who.int/eget.js', 'apprentice.mp3');
insert into song (song_id, song_title, date_added, number_of_times_played, is_recommended, username, artist, album, online_link, offline_link) values (28, 'turpis enim blandit mi in', '2015-06-25 12:26:00', 13, false, 'mcoleman4', 'Andrew Riley', 'proin at turpis', 'http://admin.ch/sed/vestibulum/sit.js', 'text.mp3');
insert into song (song_id, song_title, date_added, number_of_times_played, is_recommended, username, artist, album, online_link, offline_link) values (29, 'mauris vulputate elementum', '2015-07-25 01:18:40', 19, false, 'jjohnson1', 'Raymond Warren', 'eget', 'https://qq.com/nulla.xml', 'penitentiary''s.mp3');
insert into song (song_id, song_title, date_added, number_of_times_played, is_recommended, username, artist, album, online_link, offline_link) values (30, 'ultrices erat tortor sollicitudin mi sit', '2015-04-03 21:27:54', 77, false, 'emoore6', 'Louise Lawson', 'mattis odio', 'http://wikipedia.org/dui/nec/nisi/volutpat.json', 'bout''s.mp3');
insert into song (song_id, song_title, date_added, number_of_times_played, is_recommended, username, artist, album, online_link, offline_link) values (31, 'rutrum nulla nunc purus phasellus', '2015-03-06 14:44:23', 54, false, 'rnelsond', 'Teresa Crawford', 'nonummy', 'https://privacy.gov.au/vestibulum/aliquet/ultrices/erat/tortor/sollicitudin/mi.xml', null);
insert into song (song_id, song_title, date_added, number_of_times_played, is_recommended, username, artist, album, online_link, offline_link) values (32, 'ut volutpat sapien', '2015-08-07 04:31:54', 18, true, 'mcoleman4', 'Arthur Ramos', 'nulla', 'https://cnbc.com/maecenas/tristique/est.js', null);
insert into song (song_id, song_title, date_added, number_of_times_played, is_recommended, username, artist, album, online_link, offline_link) values (33, 'sit amet lobortis sapien sapien', '2014-12-27 11:08:08', 74, true, 'emoore6', 'Louise Lawson', 'mauris ullamcorper', null, null);
insert into song (song_id, song_title, date_added, number_of_times_played, is_recommended, username, artist, album, online_link, offline_link) values (34, 'ac leo pellentesque ultrices', '2015-04-28 07:40:10', 41, false, 'mcoleman4', 'Tammy Baker', 'vel lectus', 'https://dedecms.com/orci/luctus.json', null);
insert into song (song_id, song_title, date_added, number_of_times_played, is_recommended, username, artist, album, online_link, offline_link) values (35, 'aliquam sit amet', '2015-11-27 08:53:49', 81, false, 'rnelsond', 'Gloria Morris', 'rhoncus dui vel', 'http://facebook.com/in/tempor/turpis/nec/euismod/scelerisque.html', null);
insert into song (song_id, song_title, date_added, number_of_times_played, is_recommended, username, artist, album, online_link, offline_link) values (36, 'tincidunt eu felis fusce posuere', '2015-05-02 22:07:48', 22, true, 'emoore6', 'Douglas Brown', 'posuere', null, 'wagons.mp3');
insert into song (song_id, song_title, date_added, number_of_times_played, is_recommended, username, artist, album, online_link, offline_link) values (37, 'sit amet', '2015-02-11 16:06:03', 70, false, 'ldaniels7', 'Louise Lawson', 'orci luctus et', 'http://spotify.com/odio/elementum/eu/interdum.js', 'bluebell''s.mp3');
insert into song (song_id, song_title, date_added, number_of_times_played, is_recommended, username, artist, album, online_link, offline_link) values (38, 'eros viverra eget', '2015-07-07 13:51:14', 49, false, 'plewis3', 'Ryan Nguyen', 'rhoncus dui vel', 'https://ted.com/in/imperdiet.json', 'fanning.mp3');
insert into song (song_id, song_title, date_added, number_of_times_played, is_recommended, username, artist, album, online_link, offline_link) values (39, 'mattis egestas', '2015-10-12 20:20:56', 84, false, 'jjohnson1', 'Andrew Riley', 'mattis odio', 'http://wunderground.com/eget/vulputate/ut/ultrices/vel/augue/vestibulum.jsp', null);
insert into song (song_id, song_title, date_added, number_of_times_played, is_recommended, username, artist, album, online_link, offline_link) values (40, 'nascetur ridiculus mus etiam', '2015-02-19 05:00:30', 30, true, 'plewis3', 'Gloria Morris', 'orci luctus et', 'https://prlog.org/donec/odio.xml', null);
insert into song (song_id, song_title, date_added, number_of_times_played, is_recommended, username, artist, album, online_link, offline_link) values (41, 'odio odio elementum', '2015-07-14 15:55:05', 53, false, 'emoore6', 'Brian Little', 'in imperdiet', 'http://google.co.jp/egestas/metus/aenean.js', 'turbines.mp3');
insert into song (song_id, song_title, date_added, number_of_times_played, is_recommended, username, artist, album, online_link, offline_link) values (42, 'semper est quam', '2015-08-06 10:05:30', 66, true, 'ldaniels7', 'Clarence Gordon', 'blandit ultrices', null, null);
insert into song (song_id, song_title, date_added, number_of_times_played, is_recommended, username, artist, album, online_link, offline_link) values (43, 'vivamus vestibulum', '2015-02-02 06:16:30', 19, false, 'bwatsoni', 'Alice Evans', 'posuere', 'https://yale.edu/ultricies.xml', 'weed''s.mp3');
insert into song (song_id, song_title, date_added, number_of_times_played, is_recommended, username, artist, album, online_link, offline_link) values (44, 'nulla tellus', '2015-07-31 08:46:20', 1, false, 'jjohnson1', 'Arthur Ramos', 'laoreet ut', 'https://twitpic.com/vestibulum/ante/ipsum.aspx', 'inscription''s.mp3');
insert into song (song_id, song_title, date_added, number_of_times_played, is_recommended, username, artist, album, online_link, offline_link) values (45, 'nisl aenean lectus pellentesque eget', '2015-07-03 04:13:11', 73, true, 'mcoleman4', 'Ryan Nguyen', 'convallis', 'http://ameblo.jp/orci/pede/venenatis/non.aspx', null);
insert into song (song_id, song_title, date_added, number_of_times_played, is_recommended, username, artist, album, online_link, offline_link) values (46, 'neque sapien', '2015-08-04 03:38:23', 55, true, 'rnelsond', 'Brian Little', 'posuere', 'https://indiegogo.com/leo/pellentesque/ultrices/mattis/odio.png', 'splash''s.mp3');
insert into song (song_id, song_title, date_added, number_of_times_played, is_recommended, username, artist, album, online_link, offline_link) values (47, 'dui maecenas tristique', '2014-12-09 04:41:40', 64, true, 'emoore6', 'Daft Punk', 'cum sociis', 'https://irs.gov/duis/bibendum/morbi/non/quam.aspx', 'mod.mp3');
insert into song (song_id, song_title, date_added, number_of_times_played, is_recommended, username, artist, album, online_link, offline_link) values (48, 'curabitur at ipsum ac tellus semper', '2015-07-10 13:18:43', 36, false, 'plewis3', 'Alan Martinez', 'nisl ut', 'http://seesaa.net/est/phasellus/sit/amet/erat.jpg', null);
insert into song (song_id, song_title, date_added, number_of_times_played, is_recommended, username, artist, album, online_link, offline_link) values (49, 'luctus tincidunt nulla mollis', '2015-02-28 11:59:35', 39, true, 'mcoleman4', 'Beverly Hill', 'orci luctus et', 'https://newsvine.com/nam/congue.jpg', 'salesman.mp3');
insert into song (song_id, song_title, date_added, number_of_times_played, is_recommended, username, artist, album, online_link, offline_link) values (50, 'sit amet justo', '2014-12-20 20:59:10', 70, false, 'jjohnson1', 'Ryan Nguyen', 'lobortis ligula sit', 'https://howstuffworks.com/integer/ac/leo/pellentesque.html', 'preparations.mp3');
insert into song (song_id, song_title, date_added, number_of_times_played, is_recommended, username, artist, album, online_link, offline_link) values (51, 'nec molestie sed justo pellentesque viverra', '2015-03-12 12:36:56', 13, false, 'bwatsoni', 'Clarence Gordon', 'blandit ultrices', 'https://lycos.com/ante/ipsum/primis/in/faucibus/orci/luctus.png', null);
insert into song (song_id, song_title, date_added, number_of_times_played, is_recommended, username, artist, album, online_link, offline_link) values (52, 'velit donec', '2015-07-21 00:23:27', 7, false, 'mcoleman4', 'Tammy Baker', 'proin at turpis', null, 'grubbiest.mp3');
insert into song (song_id, song_title, date_added, number_of_times_played, is_recommended, username, artist, album, online_link, offline_link) values (53, 'pede libero quis orci', '2015-03-31 00:17:51', 30, false, 'ldaniels7', 'Arthur Ramos', 'nonummy', 'https://mapy.cz/molestie/hendrerit/at/vulputate/vitae/nisl.js', null);
insert into song (song_id, song_title, date_added, number_of_times_played, is_recommended, username, artist, album, online_link, offline_link) values (54, 'in lacus curabitur at ipsum', '2015-03-04 19:23:49', 4, true, 'pbaileyb', 'Alan Martinez', 'semper porta', 'https://stumbleupon.com/magna/bibendum/imperdiet/nullam/orci/pede.json', 'outliving.mp3');
insert into song (song_id, song_title, date_added, number_of_times_played, is_recommended, username, artist, album, online_link, offline_link) values (55, 'consequat metus sapien ut', '2015-06-20 23:34:39', 74, false, 'pbaileyb', 'Gloria Morris', 'cum sociis', 'https://chicagotribune.com/nisl.html', null);
insert into song (song_id, song_title, date_added, number_of_times_played, is_recommended, username, artist, album, online_link, offline_link) values (56, 'lacus purus', '2015-08-04 03:17:50', 59, false, 'rnelsond', 'Ryan Nguyen', 'orci pede', 'http://fda.gov/rutrum.html', null);
insert into song (song_id, song_title, date_added, number_of_times_played, is_recommended, username, artist, album, online_link, offline_link) values (57, 'nulla nunc purus phasellus', '2015-11-20 09:49:28', 72, true, 'ldaniels7', 'Ruth Fisher', 'enim', 'https://live.com/turpis/integer.js', null);
insert into song (song_id, song_title, date_added, number_of_times_played, is_recommended, username, artist, album, online_link, offline_link) values (58, 'aenean lectus pellentesque', '2015-01-07 10:54:33', 91, true, 'mcoleman4', 'Louise Evans', 'laoreet ut', 'http://ustream.tv/cras.html', null);
insert into song (song_id, song_title, date_added, number_of_times_played, is_recommended, username, artist, album, online_link, offline_link) values (59, 'vivamus vel nulla eget', '2015-07-22 20:16:06', 41, true, 'emoore6', 'Daft Punk', 'orci luctus et', 'http://mozilla.org/nisl/venenatis/lacinia/aenean.html', 'enchantments.mp3');
insert into song (song_id, song_title, date_added, number_of_times_played, is_recommended, username, artist, album, online_link, offline_link) values (60, 'mattis nibh ligula nec sem', '2015-02-26 22:17:45', 17, true, 'amorrisc', 'Gloria Morris', 'posuere', 'https://youku.com/in/faucibus/orci/luctus/et.jsp', 'permanents.mp3');
insert into song (song_id, song_title, date_added, number_of_times_played, is_recommended, username, artist, album, online_link, offline_link) values (61, 'quam sapien varius', '2015-08-01 18:54:42', 71, false, 'bwatsoni', 'Teresa Crawford', 'ultrices posuere', 'https://microsoft.com/non/velit/donec.xml', null);
insert into song (song_id, song_title, date_added, number_of_times_played, is_recommended, username, artist, album, online_link, offline_link) values (62, 'erat curabitur gravida nisi', '2015-05-20 18:21:54', 63, false, 'jjohnson1', 'Annie Owens', 'enim', 'http://google.co.uk/et/eros.js', null);
insert into song (song_id, song_title, date_added, number_of_times_played, is_recommended, username, artist, album, online_link, offline_link) values (63, 'donec dapibus', '2015-03-15 23:04:07', 93, false, 'pbaileyb', 'Denise Gomez', 'laoreet ut', 'https://cyberchimps.com/sit/amet.html', 'pulleys.mp3');
insert into song (song_id, song_title, date_added, number_of_times_played, is_recommended, username, artist, album, online_link, offline_link) values (64, 'suscipit a feugiat et', '2014-12-09 12:47:41', 57, false, 'plewis3', 'Douglas Brown', 'rhoncus dui vel', 'http://behance.net/sit/amet.jsp', 'foreground.mp3');
insert into song (song_id, song_title, date_added, number_of_times_played, is_recommended, username, artist, album, online_link, offline_link) values (65, 'mollis molestie lorem quisque ut erat', '2015-11-08 23:41:08', 79, false, 'emoore6', 'Annie Owens', 'blandit ultrices', 'http://goodreads.com/rutrum/ac/lobortis/vel/dapibus.xml', null);
insert into song (song_id, song_title, date_added, number_of_times_played, is_recommended, username, artist, album, online_link, offline_link) values (66, 'etiam justo etiam pretium iaculis justo', '2015-02-24 19:58:36', 76, true, 'jhillf', 'Ruth Fisher', 'convallis', 'https://exblog.jp/donec/ut/mauris/eget.jsp', 'vaporizes.mp3');
insert into song (song_id, song_title, date_added, number_of_times_played, is_recommended, username, artist, album, online_link, offline_link) values (67, 'vestibulum rutrum rutrum neque', '2015-07-16 11:47:26', 55, false, 'rnelsond', 'Ruth Fisher', 'mattis odio', 'http://gravatar.com/nulla/suscipit/ligula/in/lacus/curabitur/at.aspx', 'indigestion.mp3');
insert into song (song_id, song_title, date_added, number_of_times_played, is_recommended, username, artist, album, online_link, offline_link) values (68, 'egestas metus aenean', '2015-11-29 19:36:39', 47, false, 'pbaileyb', 'Arthur Ramos', 'eu', null, null);
insert into song (song_id, song_title, date_added, number_of_times_played, is_recommended, username, artist, album, online_link, offline_link) values (69, 'in hac habitasse platea', '2015-03-31 03:27:22', 71, true, 'pbaileyb', 'Andrea Owens', 'mauris ullamcorper', 'https://imageshack.us/id.html', null);
insert into song (song_id, song_title, date_added, number_of_times_played, is_recommended, username, artist, album, online_link, offline_link) values (70, 'curabitur in libero ut', '2014-12-15 11:40:26', 54, false, 'amorrisc', 'Raymond Warren', 'orci luctus et', 'https://narod.ru/consequat.html', 'legislate.mp3');
insert into song (song_id, song_title, date_added, number_of_times_played, is_recommended, username, artist, album, online_link, offline_link) values (71, 'pede justo eu', '2014-12-10 17:27:29', 75, true, 'plewis3', 'Andrea Owens', 'eget', null, null);
insert into song (song_id, song_title, date_added, number_of_times_played, is_recommended, username, artist, album, online_link, offline_link) values (72, 'viverra diam vitae quam suspendisse', '2015-01-16 00:41:53', 57, true, 'bwatsoni', 'Clarence Gordon', 'mauris ullamcorper', 'https://plala.or.jp/sit/amet/diam/in/magna/bibendum.html', null);
insert into song (song_id, song_title, date_added, number_of_times_played, is_recommended, username, artist, album, online_link, offline_link) values (73, 'eu magna vulputate', '2015-09-04 01:40:34', 25, false, 'emoore6', 'Arthur Ramos', 'mauris ullamcorper', 'https://wufoo.com/bibendum/felis/sed/interdum/venenatis/turpis.json', null);
insert into song (song_id, song_title, date_added, number_of_times_played, is_recommended, username, artist, album, online_link, offline_link) values (74, 'vulputate vitae nisl aenean lectus', '2015-09-10 05:52:39', 66, false, 'bwatsoni', 'Raymond Warren', 'laoreet ut', 'https://skype.com/libero/nullam.jpg', 'panhandler.mp3');
insert into song (song_id, song_title, date_added, number_of_times_played, is_recommended, username, artist, album, online_link, offline_link) values (75, 'id massa id nisl venenatis', '2015-09-30 12:17:35', 68, true, 'pbaileyb', 'Louise Evans', 'vel lectus', 'http://state.tx.us/aliquam/convallis.html', null);
insert into song (song_id, song_title, date_added, number_of_times_played, is_recommended, username, artist, album, online_link, offline_link) values (76, 'sit amet cursus id turpis', '2015-01-01 05:05:06', 1, false, 'pbaileyb', 'Daft Punk', 'in', 'http://fastcompany.com/montes/nascetur.aspx', 'dismay.mp3');
insert into song (song_id, song_title, date_added, number_of_times_played, is_recommended, username, artist, album, online_link, offline_link) values (77, 'sodales sed tincidunt eu felis fusce', '2015-05-03 19:03:48', 7, true, 'mcoleman4', 'Andrew Riley', 'odio', 'https://indiegogo.com/ultrices/enim.xml', null);
insert into song (song_id, song_title, date_added, number_of_times_played, is_recommended, username, artist, album, online_link, offline_link) values (78, 'tristique est et tempus semper est', '2015-02-12 04:17:51', 17, true, 'jhillf', 'Andrew Riley', 'nisl ut', 'http://sciencedaily.com/est/quam/pharetra/magna/ac/consequat.jpg', 'modelling.mp3');
insert into song (song_id, song_title, date_added, number_of_times_played, is_recommended, username, artist, album, online_link, offline_link) values (79, 'proin eu mi nulla ac', '2015-06-26 15:59:57', 19, false, 'jjohnson1', 'Daft Punk', 'eget', null, null);
insert into song (song_id, song_title, date_added, number_of_times_played, is_recommended, username, artist, album, online_link, offline_link) values (80, 'vel ipsum', '2015-04-11 23:13:03', 85, true, 'emoore6', 'Andrea Owens', 'odio', 'https://gov.uk/nunc/purus/phasellus/in.js', null);
insert into song (song_id, song_title, date_added, number_of_times_played, is_recommended, username, artist, album, online_link, offline_link) values (81, 'cubilia curae duis faucibus', '2015-06-11 07:04:43', 29, true, 'emoore6', 'Raymond Warren', 'vel lectus', 'https://ebay.co.uk/vitae/consectetuer/eget/rutrum/at.jpg', 'eventual.mp3');
insert into song (song_id, song_title, date_added, number_of_times_played, is_recommended, username, artist, album, online_link, offline_link) values (82, 'adipiscing elit proin', '2015-10-04 19:05:18', 45, true, 'mcoleman4', 'Ruth Fisher', 'orci luctus et', null, null);
insert into song (song_id, song_title, date_added, number_of_times_played, is_recommended, username, artist, album, online_link, offline_link) values (83, 'nam congue risus', '2015-05-31 10:34:21', 36, true, 'pbaileyb', 'Louise Lawson', 'dapibus', 'http://indiatimes.com/vestibulum/ante/ipsum/primis/in/faucibus.jpg', null);
insert into song (song_id, song_title, date_added, number_of_times_played, is_recommended, username, artist, album, online_link, offline_link) values (84, 'nulla suscipit', '2015-11-24 18:53:42', 92, false, 'ldaniels7', 'Daft Punk', 'vivamus', null, null);
insert into song (song_id, song_title, date_added, number_of_times_played, is_recommended, username, artist, album, online_link, offline_link) values (85, 'sit amet nunc viverra', '2015-01-27 17:14:51', 50, true, 'jhillf', 'Ruth Fisher', 'blandit ultrices', 'http://reverbnation.com/nisl/nunc/nisl/duis.jpg', null);
insert into song (song_id, song_title, date_added, number_of_times_played, is_recommended, username, artist, album, online_link, offline_link) values (86, 'cum sociis natoque penatibus', '2015-08-27 12:46:47', 10, true, 'ldaniels7', 'Beverly Hill', 'vulputate elementum nullam', 'https://alexa.com/donec/quis/orci/eget/orci/vehicula/condimentum.xml', null);
insert into song (song_id, song_title, date_added, number_of_times_played, is_recommended, username, artist, album, online_link, offline_link) values (87, 'et tempus semper est quam', '2015-08-22 03:29:35', 94, false, 'bwatsoni', 'Clarence Gordon', 'blandit ultrices', 'https://blinklist.com/nulla/tempus/vivamus/in/felis/eu.json', 'knocking.mp3');
insert into song (song_id, song_title, date_added, number_of_times_played, is_recommended, username, artist, album, online_link, offline_link) values (88, 'nunc rhoncus dui vel', '2015-02-03 18:12:23', 85, false, 'rnelsond', 'Ryan Nguyen', 'odio', 'http://live.com/sed.png', null);
insert into song (song_id, song_title, date_added, number_of_times_played, is_recommended, username, artist, album, online_link, offline_link) values (89, 'in est risus auctor sed', '2015-11-02 23:03:44', 93, false, 'pbaileyb', 'Andrew Riley', 'nisl ut', 'http://tmall.com/neque/sapien/placerat.html', 'blog''s.mp3');
insert into song (song_id, song_title, date_added, number_of_times_played, is_recommended, username, artist, album, online_link, offline_link) values (90, 'blandit lacinia erat vestibulum sed magna', '2015-02-08 20:28:24', 69, false, 'jhillf', 'Lois Lawson', 'posuere', 'http://cbc.ca/luctus.png', null);
insert into song (song_id, song_title, date_added, number_of_times_played, is_recommended, username, artist, album, online_link, offline_link) values (91, 'mauris morbi non lectus', '2015-08-05 12:38:37', 37, true, 'amorrisc', 'Andrea Owens', 'odio in', null, 'squirm''s.mp3');
insert into song (song_id, song_title, date_added, number_of_times_played, is_recommended, username, artist, album, online_link, offline_link) values (92, 'cubilia curae nulla', '2015-10-29 13:24:11', 24, false, 'jjohnson1', 'Brian Little', 'proin at turpis', 'http://tuttocitta.it/odio/elementum/eu.js', null);
insert into song (song_id, song_title, date_added, number_of_times_played, is_recommended, username, artist, album, online_link, offline_link) values (93, 'elementum ligula vehicula', '2015-10-24 07:50:38', 39, false, 'amorrisc', 'Alice Evans', 'mauris ullamcorper', 'https://bigcartel.com/ut/tellus.xml', null);
insert into song (song_id, song_title, date_added, number_of_times_played, is_recommended, username, artist, album, online_link, offline_link) values (94, 'nam tristique tortor', '2015-08-28 11:16:53', 14, false, 'amorrisc', 'Alice Evans', 'vel lectus', 'http://123-reg.co.uk/mauris/laoreet.aspx', null);
insert into song (song_id, song_title, date_added, number_of_times_played, is_recommended, username, artist, album, online_link, offline_link) values (95, 'felis fusce posuere felis sed', '2015-01-26 06:44:22', 24, false, 'pbaileyb', 'Andrea Owens', 'orci luctus et', 'https://cnbc.com/id/ligula/suspendisse.jsp', 'madame''s.mp3');
insert into song (song_id, song_title, date_added, number_of_times_played, is_recommended, username, artist, album, online_link, offline_link) values (96, 'mi nulla ac enim in', '2015-10-31 08:47:19', 10, true, 'bwatsoni', 'Gloria Morris', 'orci pede', 'https://ezinearticles.com/dapibus/dolor/vel/est.js', 'Hebrew.mp3');
insert into song (song_id, song_title, date_added, number_of_times_played, is_recommended, username, artist, album, online_link, offline_link) values (97, 'duis bibendum morbi non quam nec', '2015-03-18 13:40:50', 78, true, 'ldaniels7', 'Alan Martinez', 'nulla', null, null);
insert into song (song_id, song_title, date_added, number_of_times_played, is_recommended, username, artist, album, online_link, offline_link) values (98, 'massa donec', '2015-06-02 17:35:45', 85, false, 'jjohnson1', 'Alan Martinez', 'convallis', 'http://cisco.com/justo/in/blandit/ultrices/enim.js', 'dreaded.mp3');
insert into song (song_id, song_title, date_added, number_of_times_played, is_recommended, username, artist, album, online_link, offline_link) values (99, 'donec dapibus duis at velit eu', '2015-09-06 12:29:22', 2, false, 'plewis3', 'Annie Owens', 'mauris ullamcorper', 'https://bravesites.com/libero/convallis.js', null);
insert into song (song_id, song_title, date_added, number_of_times_played, is_recommended, username, artist, album, online_link, offline_link) values (100, 'in quam fringilla', '2015-05-05 14:38:21', 1, true, 'rnelsond', 'Raymond Warren', 'mauris ullamcorper', 'http://amazon.co.jp/ultrices/posuere/cubilia/curae/mauris/viverra/diam.html', 'pressure.mp3');

update album set album_number_of_songs = (select count(1) from song where song.album = album.album_name);

insert into playlist (playlist_id, playlist_name, number_of_songs, number_of_times_played, username) values (1, 'pharetra magna vestibulum', 0, 37, 'rnelsond');
insert into playlist (playlist_id, playlist_name, number_of_songs, number_of_times_played, username) values (2, 'turpis nec', 0, 14, 'ldaniels7');
insert into playlist (playlist_id, playlist_name, number_of_songs, number_of_times_played, username) values (3, 'in', 0, 98, 'jjohnson1');
insert into playlist (playlist_id, playlist_name, number_of_songs, number_of_times_played, username) values (4, 'cras in', 0, 49, 'pbaileyb');
insert into playlist (playlist_id, playlist_name, number_of_songs, number_of_times_played, username) values (5, 'venenatis tristique', 0, 20, 'emoore6');
insert into playlist (playlist_id, playlist_name, number_of_songs, number_of_times_played, username) values (6, 'nunc', 0, 52, 'ldaniels7');
insert into playlist (playlist_id, playlist_name, number_of_songs, number_of_times_played, username) values (7, 'penatibus et', 0, 52, 'amorrisc');
insert into playlist (playlist_id, playlist_name, number_of_songs, number_of_times_played, username) values (8, 'amet', 0, 68, 'emoore6');
insert into playlist (playlist_id, playlist_name, number_of_songs, number_of_times_played, username) values (9, 'sit', 0, 9, 'amorrisc');
insert into playlist (playlist_id, playlist_name, number_of_songs, number_of_times_played, username) values (10, 'magnis dis', 0, 15, 'ldaniels7');
insert into playlist (playlist_id, playlist_name, number_of_songs, number_of_times_played, username) values (11, 'sapien cum', 0, 78, 'ldaniels7');
insert into playlist (playlist_id, playlist_name, number_of_songs, number_of_times_played, username) values (12, 'in blandit ultrices', 0, 70, 'ldaniels7');
insert into playlist (playlist_id, playlist_name, number_of_songs, number_of_times_played, username) values (13, 'quam a', 0, 86, 'pbaileyb');
insert into playlist (playlist_id, playlist_name, number_of_songs, number_of_times_played, username) values (14, 'sed', 0, 1, 'plewis3');
insert into playlist (playlist_id, playlist_name, number_of_songs, number_of_times_played, username) values (15, 'libero', 0, 66, 'jhillf');
insert into playlist (playlist_id, playlist_name, number_of_songs, number_of_times_played, username) values (16, 'pellentesque eget nunc', 0, 17, 'plewis3');
insert into playlist (playlist_id, playlist_name, number_of_songs, number_of_times_played, username) values (17, 'mauris', 0, 2, 'bwatsoni');
insert into playlist (playlist_id, playlist_name, number_of_songs, number_of_times_played, username) values (18, 'augue aliquam', 0, 11, 'pbaileyb');
insert into playlist (playlist_id, playlist_name, number_of_songs, number_of_times_played, username) values (19, 'erat vestibulum sed', 0, 3, 'pbaileyb');
insert into playlist (playlist_id, playlist_name, number_of_songs, number_of_times_played, username) values (20, 'ac tellus semper', 0, 38, 'amorrisc');
insert into playlist (playlist_id, playlist_name, number_of_songs, number_of_times_played, username) values (21, 'mollis molestie lorem', 0, 78, 'amorrisc');
insert into playlist (playlist_id, playlist_name, number_of_songs, number_of_times_played, username) values (22, 'non sodales sed', 0, 43, 'jhillf');
insert into playlist (playlist_id, playlist_name, number_of_songs, number_of_times_played, username) values (23, 'mauris lacinia', 0, 21, 'emoore6');
insert into playlist (playlist_id, playlist_name, number_of_songs, number_of_times_played, username) values (24, 'at', 0, 7, 'rnelsond');
insert into playlist (playlist_id, playlist_name, number_of_songs, number_of_times_played, username) values (25, 'vel pede morbi', 0, 36, 'amorrisc');
insert into playlist (playlist_id, playlist_name, number_of_songs, number_of_times_played, username) values (26, 'consequat', 0, 43, 'plewis3');
insert into playlist (playlist_id, playlist_name, number_of_songs, number_of_times_played, username) values (27, 'vivamus vel nulla', 0, 7, 'mcoleman4');
insert into playlist (playlist_id, playlist_name, number_of_songs, number_of_times_played, username) values (28, 'curabitur in libero', 0, 99, 'jhillf');
insert into playlist (playlist_id, playlist_name, number_of_songs, number_of_times_played, username) values (29, 'tincidunt', 0, 92, 'pbaileyb');
insert into playlist (playlist_id, playlist_name, number_of_songs, number_of_times_played, username) values (30, 'consequat', 0, 83, 'rnelsond');

insert into playlist_song (playlist_song_id, playlist_id, song_id) values (1, 19, 82);
insert into playlist_song (playlist_song_id, playlist_id, song_id) values (2, 1, 31);
insert into playlist_song (playlist_song_id, playlist_id, song_id) values (3, 21, 89);
insert into playlist_song (playlist_song_id, playlist_id, song_id) values (4, 12, 80);
insert into playlist_song (playlist_song_id, playlist_id, song_id) values (5, 19, 90);
insert into playlist_song (playlist_song_id, playlist_id, song_id) values (6, 29, 4);
insert into playlist_song (playlist_song_id, playlist_id, song_id) values (7, 16, 35);
insert into playlist_song (playlist_song_id, playlist_id, song_id) values (8, 7, 32);
insert into playlist_song (playlist_song_id, playlist_id, song_id) values (9, 4, 94);
insert into playlist_song (playlist_song_id, playlist_id, song_id) values (10, 19, 72);
insert into playlist_song (playlist_song_id, playlist_id, song_id) values (11, 7, 54);
insert into playlist_song (playlist_song_id, playlist_id, song_id) values (12, 28, 16);
insert into playlist_song (playlist_song_id, playlist_id, song_id) values (13, 5, 83);
insert into playlist_song (playlist_song_id, playlist_id, song_id) values (14, 23, 57);
insert into playlist_song (playlist_song_id, playlist_id, song_id) values (15, 12, 24);
insert into playlist_song (playlist_song_id, playlist_id, song_id) values (16, 30, 58);
insert into playlist_song (playlist_song_id, playlist_id, song_id) values (17, 13, 70);
insert into playlist_song (playlist_song_id, playlist_id, song_id) values (18, 24, 18);
insert into playlist_song (playlist_song_id, playlist_id, song_id) values (19, 5, 40);
insert into playlist_song (playlist_song_id, playlist_id, song_id) values (20, 28, 48);
insert into playlist_song (playlist_song_id, playlist_id, song_id) values (21, 30, 46);
insert into playlist_song (playlist_song_id, playlist_id, song_id) values (22, 4, 76);
insert into playlist_song (playlist_song_id, playlist_id, song_id) values (23, 26, 84);
insert into playlist_song (playlist_song_id, playlist_id, song_id) values (24, 16, 78);
insert into playlist_song (playlist_song_id, playlist_id, song_id) values (25, 3, 51);
insert into playlist_song (playlist_song_id, playlist_id, song_id) values (26, 30, 6);
insert into playlist_song (playlist_song_id, playlist_id, song_id) values (27, 6, 26);
insert into playlist_song (playlist_song_id, playlist_id, song_id) values (28, 14, 11);
insert into playlist_song (playlist_song_id, playlist_id, song_id) values (29, 21, 19);
insert into playlist_song (playlist_song_id, playlist_id, song_id) values (30, 20, 54);
insert into playlist_song (playlist_song_id, playlist_id, song_id) values (31, 22, 82);
insert into playlist_song (playlist_song_id, playlist_id, song_id) values (32, 11, 51);
insert into playlist_song (playlist_song_id, playlist_id, song_id) values (33, 27, 71);
insert into playlist_song (playlist_song_id, playlist_id, song_id) values (34, 7, 32);
insert into playlist_song (playlist_song_id, playlist_id, song_id) values (35, 23, 71);
insert into playlist_song (playlist_song_id, playlist_id, song_id) values (36, 12, 41);
insert into playlist_song (playlist_song_id, playlist_id, song_id) values (37, 7, 31);
insert into playlist_song (playlist_song_id, playlist_id, song_id) values (38, 20, 91);
insert into playlist_song (playlist_song_id, playlist_id, song_id) values (39, 1, 97);
insert into playlist_song (playlist_song_id, playlist_id, song_id) values (40, 18, 56);
insert into playlist_song (playlist_song_id, playlist_id, song_id) values (41, 3, 73);
insert into playlist_song (playlist_song_id, playlist_id, song_id) values (42, 13, 77);
insert into playlist_song (playlist_song_id, playlist_id, song_id) values (43, 9, 47);
insert into playlist_song (playlist_song_id, playlist_id, song_id) values (44, 2, 9);
insert into playlist_song (playlist_song_id, playlist_id, song_id) values (45, 15, 89);
insert into playlist_song (playlist_song_id, playlist_id, song_id) values (46, 7, 23);
insert into playlist_song (playlist_song_id, playlist_id, song_id) values (47, 3, 54);
insert into playlist_song (playlist_song_id, playlist_id, song_id) values (48, 23, 23);
insert into playlist_song (playlist_song_id, playlist_id, song_id) values (49, 5, 59);
insert into playlist_song (playlist_song_id, playlist_id, song_id) values (50, 8, 59);
insert into playlist_song (playlist_song_id, playlist_id, song_id) values (51, 7, 56);
insert into playlist_song (playlist_song_id, playlist_id, song_id) values (52, 7, 15);
insert into playlist_song (playlist_song_id, playlist_id, song_id) values (53, 10, 59);
insert into playlist_song (playlist_song_id, playlist_id, song_id) values (54, 2, 35);
insert into playlist_song (playlist_song_id, playlist_id, song_id) values (55, 10, 63);
insert into playlist_song (playlist_song_id, playlist_id, song_id) values (56, 13, 43);
insert into playlist_song (playlist_song_id, playlist_id, song_id) values (57, 8, 100);
insert into playlist_song (playlist_song_id, playlist_id, song_id) values (58, 27, 88);
insert into playlist_song (playlist_song_id, playlist_id, song_id) values (59, 10, 68);
insert into playlist_song (playlist_song_id, playlist_id, song_id) values (60, 19, 65);
insert into playlist_song (playlist_song_id, playlist_id, song_id) values (61, 18, 55);
insert into playlist_song (playlist_song_id, playlist_id, song_id) values (62, 9, 48);
insert into playlist_song (playlist_song_id, playlist_id, song_id) values (63, 12, 68);
insert into playlist_song (playlist_song_id, playlist_id, song_id) values (64, 1, 16);
insert into playlist_song (playlist_song_id, playlist_id, song_id) values (65, 3, 6);
insert into playlist_song (playlist_song_id, playlist_id, song_id) values (66, 19, 85);
insert into playlist_song (playlist_song_id, playlist_id, song_id) values (67, 5, 3);
insert into playlist_song (playlist_song_id, playlist_id, song_id) values (68, 27, 5);
insert into playlist_song (playlist_song_id, playlist_id, song_id) values (69, 4, 75);
insert into playlist_song (playlist_song_id, playlist_id, song_id) values (70, 3, 31);
insert into playlist_song (playlist_song_id, playlist_id, song_id) values (71, 2, 70);
insert into playlist_song (playlist_song_id, playlist_id, song_id) values (72, 14, 31);
insert into playlist_song (playlist_song_id, playlist_id, song_id) values (73, 12, 20);
insert into playlist_song (playlist_song_id, playlist_id, song_id) values (74, 21, 95);
insert into playlist_song (playlist_song_id, playlist_id, song_id) values (75, 29, 21);
insert into playlist_song (playlist_song_id, playlist_id, song_id) values (76, 20, 71);
insert into playlist_song (playlist_song_id, playlist_id, song_id) values (77, 23, 81);
insert into playlist_song (playlist_song_id, playlist_id, song_id) values (78, 29, 30);
insert into playlist_song (playlist_song_id, playlist_id, song_id) values (79, 26, 50);
insert into playlist_song (playlist_song_id, playlist_id, song_id) values (80, 10, 36);
insert into playlist_song (playlist_song_id, playlist_id, song_id) values (81, 14, 50);
insert into playlist_song (playlist_song_id, playlist_id, song_id) values (82, 7, 84);
insert into playlist_song (playlist_song_id, playlist_id, song_id) values (83, 23, 53);
insert into playlist_song (playlist_song_id, playlist_id, song_id) values (84, 25, 43);
insert into playlist_song (playlist_song_id, playlist_id, song_id) values (85, 2, 16);
insert into playlist_song (playlist_song_id, playlist_id, song_id) values (86, 13, 58);
insert into playlist_song (playlist_song_id, playlist_id, song_id) values (87, 29, 85);
insert into playlist_song (playlist_song_id, playlist_id, song_id) values (88, 19, 69);
insert into playlist_song (playlist_song_id, playlist_id, song_id) values (89, 3, 31);
insert into playlist_song (playlist_song_id, playlist_id, song_id) values (90, 24, 72);
insert into playlist_song (playlist_song_id, playlist_id, song_id) values (91, 2, 30);
insert into playlist_song (playlist_song_id, playlist_id, song_id) values (92, 27, 4);
insert into playlist_song (playlist_song_id, playlist_id, song_id) values (93, 30, 60);
insert into playlist_song (playlist_song_id, playlist_id, song_id) values (94, 27, 73);
insert into playlist_song (playlist_song_id, playlist_id, song_id) values (95, 2, 21);
insert into playlist_song (playlist_song_id, playlist_id, song_id) values (96, 18, 12);
insert into playlist_song (playlist_song_id, playlist_id, song_id) values (97, 18, 27);
insert into playlist_song (playlist_song_id, playlist_id, song_id) values (98, 3, 81);
insert into playlist_song (playlist_song_id, playlist_id, song_id) values (99, 5, 62);
insert into playlist_song (playlist_song_id, playlist_id, song_id) values (100, 17, 28);

update playlist set number_of_songs = (select count(1) from playlist_song where playlist_song.playlist_id = playlist.playlist_id);

select setval('album_album_id_seq',30);
select setval('song_song_id_seq',100);
select setval('playlist_playlist_id_seq',30);
select setval('playlist_song_playlist_song_id_seq',100);