insert into users (username, password, user_name, user_email, date_joined, is_admin, is_pending, date_approved) values ('tthompson0', 'jf8B2UVeXMSn', 'Teresa Thompson', 'tthompson0@multiply.com', '2015-08-03 04:42:34', true, false, '2015-04-06 16:39:27');
insert into users (username, password, user_name, user_email, date_joined, is_admin, is_pending, date_approved) values ('jjohnson1', 'f5mzLY', 'Joshua Johnson', 'jjohnson1@vkontakte.ru', '2015-01-11 13:27:07', false, false, '2015-05-30 15:14:47');
insert into users (username, password, user_name, user_email, date_joined, is_admin, is_pending, date_approved) values ('lbell2', 'QMnlrQ9CF5', 'Lawrence Bell', 'lbell2@ycombinator.com', '2015-04-01 02:32:03', true, false, '2014-12-10 16:19:53');
insert into users (username, password, user_name, user_email, date_joined, is_admin, is_pending, date_approved) values ('plewis3', 'TyrToUW1Z', 'Paul Lewis', 'plewis3@businessinsider.com', '2015-08-20 22:28:29', false, false, '2015-01-28 08:27:44');
insert into users (username, password, user_name, user_email, date_joined, is_admin, is_pending, date_approved) values ('mcoleman4', '6iXcPqq', 'Matthew Coleman', 'mcoleman4@topsy.com', '2015-02-02 08:23:20', false, true, '2015-11-28 04:15:37');
insert into users (username, password, user_name, user_email, date_joined, is_admin, is_pending, date_approved) values ('rward5', 'NdYe46NzwgXD', 'Ryan Ward', 'rward5@sitemeter.com', '2015-01-01 12:26:06', true, false, '2015-07-24 20:57:06');
insert into users (username, password, user_name, user_email, date_joined, is_admin, is_pending, date_approved) values ('emoore6', 'zubFPu', 'Eric Moore', 'emoore6@tuttocitta.it', '2015-06-05 15:48:47', false, true, '2015-06-01 05:09:43');
insert into users (username, password, user_name, user_email, date_joined, is_admin, is_pending, date_approved) values ('ldaniels7', 'YkpqSnDoY', 'Louis Daniels', 'ldaniels7@wired.com', '2015-02-06 10:50:28', false, false, '2015-07-10 04:41:36');
insert into users (username, password, user_name, user_email, date_joined, is_admin, is_pending, date_approved) values ('laustin8', 'KT2MaDEYNE', 'Laura Austin', 'laustin8@mayoclinic.com', '2015-06-20 09:44:32', true, false, '2015-04-17 14:46:56');
insert into users (username, password, user_name, user_email, date_joined, is_admin, is_pending, date_approved) values ('sburns9', 'u4uZHMjmZnja', 'Steve Burns', 'sburns9@geocities.jp', '2015-07-11 15:13:26', true, false, '2015-09-19 15:24:07');
insert into users (username, password, user_name, user_email, date_joined, is_admin, is_pending, date_approved) values ('jhuntera', 'Sfq5vc4', 'Jeremy Hunter', 'jhuntera@cyberchimps.com', '2015-08-09 14:07:18', true, false, '2015-01-30 04:31:18');
insert into users (username, password, user_name, user_email, date_joined, is_admin, is_pending, date_approved) values ('pbaileyb', 'yso9I2Mb8g', 'Pamela Bailey', 'pbaileyb@youtube.com', '2015-07-31 19:21:45', false, false, '2015-11-18 07:36:44');
insert into users (username, password, user_name, user_email, date_joined, is_admin, is_pending, date_approved) values ('amorrisc', 'ixqUaKF2Vxl', 'Aaron Morris', 'amorrisc@theatlantic.com', '2015-06-05 15:30:10', false, false, '2015-07-31 10:40:19');
insert into users (username, password, user_name, user_email, date_joined, is_admin, is_pending, date_approved) values ('rnelsond', 'vcY2DN', 'Ralph Nelson', 'rnelsond@senate.gov', '2014-12-16 08:15:03', false, true, '2015-07-24 14:09:42');
insert into users (username, password, user_name, user_email, date_joined, is_admin, is_pending, date_approved) values ('cruize', 'EIxMXbssmCq', 'Cynthia Ruiz', 'cruize@angelfire.com', '2015-09-25 13:05:29', true, false, '2014-12-16 06:05:24');
insert into users (username, password, user_name, user_email, date_joined, is_admin, is_pending, date_approved) values ('jhillf', 'l7VBqZJ14ff', 'Joyce Hill', 'jhillf@bluehost.com', '2015-03-23 14:56:41', false, true, '2015-03-11 05:33:32');
insert into users (username, password, user_name, user_email, date_joined, is_admin, is_pending, date_approved) values ('hlaneg', '1k0MQWdd', 'Helen Lane', 'hlaneg@smugmug.com', '2015-08-06 17:37:45', true, false, '2015-04-13 19:08:04');
insert into users (username, password, user_name, user_email, date_joined, is_admin, is_pending, date_approved) values ('clawsonh', 'helqgeNA8', 'Carolyn Lawson', 'clawsonh@zdnet.com', '2015-09-27 01:24:43', true, false, '2015-10-16 13:14:00');
insert into users (username, password, user_name, user_email, date_joined, is_admin, is_pending, date_approved) values ('bwatsoni', 'slDvk8jN8', 'Billy Watson', 'bwatsoni@epa.gov', '2015-02-21 03:25:59', false, true, '2014-12-21 16:07:43');
insert into users (username, password, user_name, user_email, date_joined, is_admin, is_pending, date_approved) values ('jleej', 'dAzXvLf', 'Jacqueline Lee', 'jleej@cafepress.com', '2015-10-05 15:51:51', true, false, '2015-11-26 07:45:58');
insert into users (username, password, user_name, user_email, date_joined, is_admin, is_pending, date_approved) values ('admin1', 'admin1', 'Admin 1', 'admin1@gmail.com', '2015-10-05 15:51:51', true, false, '2015-11-26 07:45:58');

insert into artist (stage_name, artist_name, description) values ('Alan Martinez', 'Alan Martinez', '796 Prairie Rose Lane');
insert into artist (stage_name, artist_name, description) values ('Denise Gomez', 'Denise Gomez', '3 Troy Center');
insert into artist (stage_name, artist_name, description) values ('Louise Lawson', 'Louise Lawson', '52208 Sullivan Circle');
insert into artist (stage_name, artist_name, description) values ('Andrea Owens', 'Andrea Owens', '66 Bonner Street');
insert into artist (stage_name, artist_name, description) values ('Ruth Fisher', 'Ruth Fisher', '45191 Buena Vista Way');
insert into artist (stage_name, artist_name, description) values ('Gloria Morris', 'Gloria Morris', '70625 Dayton Point');
insert into artist (stage_name, artist_name, description) values ('Beverly Hill', 'Beverly Hill', '78941 Del Mar Road');
insert into artist (stage_name, artist_name, description) values ('Lois Lawson', 'Lois Lawson', '2928 Algoma Terrace');
insert into artist (stage_name, artist_name, description) values ('Raymond Warren', 'Raymond Warren', '11723 Melvin Point');
insert into artist (stage_name, artist_name, description) values ('Arthur Ramos', 'Arthur Ramos', '254 Anderson Hill');
insert into artist (stage_name, artist_name, description) values ('Andrew Riley', 'Andrew Riley', '6 Vidon Park');
insert into artist (stage_name, artist_name, description) values ('Alice Evans', 'Alice Evans', '739 Crescent Oaks Drive');
insert into artist (stage_name, artist_name, description) values ('Ryan Nguyen', 'Ryan Nguyen', '38 Blackbird Lane');
insert into artist (stage_name, artist_name, description) values ('Tammy Baker', 'Tammy Baker', '9666 Lakewood Gardens Pass');
insert into artist (stage_name, artist_name, description) values ('Louise Evans', 'Louise Evans', '869 Sherman Trail');
insert into artist (stage_name, artist_name, description) values ('Annie Owens', 'Annie Owens', '52 Larry Drive');
insert into artist (stage_name, artist_name, description) values ('Clarence Gordon', 'Clarence Gordon', '71658 Straubel Parkway');
insert into artist (stage_name, artist_name, description) values ('Teresa Crawford', 'Teresa Crawford', '0 Center Street');
insert into artist (stage_name, artist_name, description) values ('Brian Little', 'Brian Little', '53687 Susan Circle');
insert into artist (stage_name, artist_name, description) values ('Douglas Brown', 'Douglas Brown', '6 Portage Alley');
insert into artist (stage_name, artist_name, description) values ('Daft Punk', 'Daft Punk', '');

insert into album (album_name, album_date_released, album_number_of_songs, album_id, artist) values ('proin at turpis', '2015-01-05 11:38:42', 0, 1, 'Louise Lawson');
insert into album (album_name, album_date_released, album_number_of_songs, album_id, artist) values ('orci luctus et', '2015-11-04 04:09:04', 0, 2, 'Louise Lawson');
insert into album (album_name, album_date_released, album_number_of_songs, album_id, artist) values ('in imperdiet', '2015-03-25 08:57:01', 0, 3, 'Andrea Owens');
insert into album (album_name, album_date_released, album_number_of_songs, album_id, artist) values ('lobortis ligula sit', '2015-09-20 23:37:15', 0, 4, 'Annie Owens');
insert into album (album_name, album_date_released, album_number_of_songs, album_id, artist) values ('laoreet ut', '2015-09-27 21:43:57', 0, 5, 'Andrea Owens');
insert into album (album_name, album_date_released, album_number_of_songs, album_id, artist) values ('nonummy', '2015-08-30 19:55:51', 0, 6, 'Daft Punk');
insert into album (album_name, album_date_released, album_number_of_songs, album_id, artist) values ('dapibus', '2015-09-23 18:51:33', 0, 7, 'Tammy Baker');
insert into album (album_name, album_date_released, album_number_of_songs, album_id, artist) values ('odio', '2015-01-11 16:58:35', 0, 8, 'Douglas Brown');
insert into album (album_name, album_date_released, album_number_of_songs, album_id, artist) values ('rhoncus dui vel', '2015-07-21 19:01:14', 0, 9, 'Alan Martinez');
insert into album (album_name, album_date_released, album_number_of_songs, album_id, artist) values ('in', '2015-07-31 03:22:29', 0, 10, 'Gloria Morris');
insert into album (album_name, album_date_released, album_number_of_songs, album_id, artist) values ('posuere', '2015-07-18 20:08:46', 0, 11, 'Alice Evans');
insert into album (album_name, album_date_released, album_number_of_songs, album_id, artist) values ('ligula in lacus', '2015-11-12 04:50:05', 0, 12, 'Beverly Hill');
insert into album (album_name, album_date_released, album_number_of_songs, album_id, artist) values ('semper porta', '2015-11-17 23:27:59', 0, 13, 'Daft Punk');
insert into album (album_name, album_date_released, album_number_of_songs, album_id, artist) values ('cum sociis', '2015-03-08 13:01:30', 0, 14, 'Gloria Morris');
insert into album (album_name, album_date_released, album_number_of_songs, album_id, artist) values ('blandit ultrices', '2015-08-09 20:40:54', 0, 15, 'Alice Evans');
insert into album (album_name, album_date_released, album_number_of_songs, album_id, artist) values ('nulla', '2014-12-08 04:21:10', 0, 16, 'Louise Lawson');
insert into album (album_name, album_date_released, album_number_of_songs, album_id, artist) values ('nisl ut', '2015-06-20 17:13:12', 0, 17, 'Beverly Hill');
insert into album (album_name, album_date_released, album_number_of_songs, album_id, artist) values ('diam nam', '2015-06-18 12:48:58', 0, 18, 'Louise Lawson');
insert into album (album_name, album_date_released, album_number_of_songs, album_id, artist) values ('enim', '2015-05-22 07:20:59', 0, 19, 'Arthur Ramos');
insert into album (album_name, album_date_released, album_number_of_songs, album_id, artist) values ('vel lectus', '2014-12-21 14:03:49', 0, 20, 'Teresa Crawford');
insert into album (album_name, album_date_released, album_number_of_songs, album_id, artist) values ('eget', '2015-11-23 15:56:19', 0, 21, 'Andrew Riley');
insert into album (album_name, album_date_released, album_number_of_songs, album_id, artist) values ('convallis', '2015-07-28 11:10:10', 0, 22, 'Alan Martinez');
insert into album (album_name, album_date_released, album_number_of_songs, album_id, artist) values ('ultrices posuere', '2014-12-13 10:41:52', 0, 23, 'Ruth Fisher');
insert into album (album_name, album_date_released, album_number_of_songs, album_id, artist) values ('vivamus', '2015-08-13 20:27:43', 0, 24, 'Tammy Baker');
insert into album (album_name, album_date_released, album_number_of_songs, album_id, artist) values ('odio in', '2015-06-07 14:07:59', 0, 25, 'Clarence Gordon');
insert into album (album_name, album_date_released, album_number_of_songs, album_id, artist) values ('eu', '2015-10-07 23:02:18', 0, 26, 'Alan Martinez');
insert into album (album_name, album_date_released, album_number_of_songs, album_id, artist) values ('mattis odio', '2014-12-17 09:29:15', 0, 27, 'Tammy Baker');
insert into album (album_name, album_date_released, album_number_of_songs, album_id, artist) values ('vulputate elementum nullam', '2015-03-05 18:07:06', 0, 28, 'Alice Evans');
insert into album (album_name, album_date_released, album_number_of_songs, album_id, artist) values ('mauris ullamcorper', '2015-01-05 08:49:28', 0, 29, 'Ruth Fisher');
insert into album (album_name, album_date_released, album_number_of_songs, album_id, artist) values ('orci pede', '2015-04-04 15:16:53', 0, 30, 'Denise Gomez');

insert into song (song_id, song_title, date_added, number_of_times_played, is_recommended, username, artist, album, online_link, offline_link) values (1, 'blandit lacinia', '2015-09-30 19:00:42', 19, false, 'amorrisc', 'Ruth Fisher', 'nonummy', 'http://joomla.org/metus/arcu/adipiscing/molestie/hendrerit/at.jsp', '/cubilia/curae/nulla/dapibus/dolor/vel/est.js');
insert into song (song_id, song_title, date_added, number_of_times_played, is_recommended, username, artist, album, online_link, offline_link) values (2, 'ut blandit', '2015-05-21 01:45:39', 46, true, 'pbaileyb', 'Brian Little', 'ligula in lacus', null, null);
insert into song (song_id, song_title, date_added, number_of_times_played, is_recommended, username, artist, album, online_link, offline_link) values (3, 'at turpis donec posuere', '2015-01-21 14:04:07', 95, true, 'bwatsoni', 'Ryan Nguyen', 'nonummy', 'https://hostgator.com/nisl/nunc/rhoncus/dui/vel/sem/sed.aspx', '/integer.aspx');
insert into song (song_id, song_title, date_added, number_of_times_played, is_recommended, username, artist, album, online_link, offline_link) values (4, 'in libero ut massa', '2015-08-20 04:55:09', 52, true, 'amorrisc', 'Louise Evans', 'proin at turpis', null, null);
insert into song (song_id, song_title, date_added, number_of_times_played, is_recommended, username, artist, album, online_link, offline_link) values (5, 'pellentesque volutpat dui maecenas tristique', '2015-05-14 20:30:24', 62, false, 'amorrisc', 'Ryan Nguyen', 'odio', null, null);
insert into song (song_id, song_title, date_added, number_of_times_played, is_recommended, username, artist, album, online_link, offline_link) values (6, 'diam in magna bibendum imperdiet nullam', '2015-10-02 14:56:23', 29, true, 'amorrisc', 'Brian Little', 'diam nam', 'http://newsvine.com/magnis.aspx', '/mi/integer/ac/neque/duis.png');
insert into song (song_id, song_title, date_added, number_of_times_played, is_recommended, username, artist, album, online_link, offline_link) values (7, 'sit amet', '2015-02-17 06:55:08', 28, true, 'mcoleman4', 'Alice Evans', 'eget', 'http://home.pl/fermentum/donec/ut/mauris/eget/massa.js', '/quam/fringilla/rhoncus/mauris/enim/leo/rhoncus.json');
insert into song (song_id, song_title, date_added, number_of_times_played, is_recommended, username, artist, album, online_link, offline_link) values (8, 'felis eu', '2015-04-20 12:28:09', 54, true, 'bwatsoni', 'Daft Punk', 'orci pede', null, null);
insert into song (song_id, song_title, date_added, number_of_times_played, is_recommended, username, artist, album, online_link, offline_link) values (9, 'nisl venenatis', '2015-08-16 03:20:54', 19, false, 'mcoleman4', 'Brian Little', 'rhoncus dui vel', 'http://sohu.com/quis/turpis/sed/ante/vivamus/tortor.xml', null);
insert into song (song_id, song_title, date_added, number_of_times_played, is_recommended, username, artist, album, online_link, offline_link) values (10, 'vel lectus in quam fringilla rhoncus', '2015-02-28 05:35:32', 36, false, 'pbaileyb', 'Ryan Nguyen', 'vivamus', null, '/id/massa/id/nisl/venenatis.jsp');
insert into song (song_id, song_title, date_added, number_of_times_played, is_recommended, username, artist, album, online_link, offline_link) values (11, 'duis ac nibh fusce lacus', '2015-09-21 11:44:26', 78, false, 'emoore6', 'Alice Evans', 'odio', 'http://flickr.com/at/nibh/in.js', null);
insert into song (song_id, song_title, date_added, number_of_times_played, is_recommended, username, artist, album, online_link, offline_link) values (12, 'penatibus et magnis dis parturient montes', '2015-11-23 23:07:32', 64, false, 'mcoleman4', 'Clarence Gordon', 'orci luctus et', null, '/sit/amet/sem/fusce/consequat/nulla.jpg');
insert into song (song_id, song_title, date_added, number_of_times_played, is_recommended, username, artist, album, online_link, offline_link) values (13, 'pellentesque ultrices mattis odio', '2015-10-30 11:58:32', 40, true, 'bwatsoni', 'Brian Little', 'diam nam', 'https://zdnet.com/tellus/in/sagittis/dui/vel/nisl.json', '/urna/ut/tellus/nulla/ut/erat.html');
insert into song (song_id, song_title, date_added, number_of_times_played, is_recommended, username, artist, album, online_link, offline_link) values (14, 'ac tellus semper', '2015-01-17 18:05:03', 52, false, 'pbaileyb', 'Andrea Owens', 'in', null, '/massa/quis/augue.png');
insert into song (song_id, song_title, date_added, number_of_times_played, is_recommended, username, artist, album, online_link, offline_link) values (15, 'pede posuere', '2015-05-26 21:29:22', 31, false, 'amorrisc', 'Teresa Crawford', 'enim', 'http://dmoz.org/magna/ac/consequat/metus/sapien/ut.xml', null);
insert into song (song_id, song_title, date_added, number_of_times_played, is_recommended, username, artist, album, online_link, offline_link) values (16, 'vestibulum aliquet', '2015-09-04 23:06:46', 40, false, 'jjohnson1', 'Annie Owens', 'vivamus', 'https://ustream.tv/amet.jpg', null);
insert into song (song_id, song_title, date_added, number_of_times_played, is_recommended, username, artist, album, online_link, offline_link) values (17, 'eros vestibulum ac est lacinia nisi', '2014-12-16 19:30:33', 79, false, 'pbaileyb', 'Alice Evans', 'convallis', 'https://live.com/eleifend/luctus/ultricies/eu/nibh/quisque/id.js', null);
insert into song (song_id, song_title, date_added, number_of_times_played, is_recommended, username, artist, album, online_link, offline_link) values (18, 'odio justo sollicitudin ut', '2015-08-27 17:37:27', 96, true, 'bwatsoni', 'Daft Punk', 'orci pede', 'https://cnn.com/venenatis/tristique/fusce.js', '/non/pretium/quis/lectus/suspendisse/potenti.aspx');
insert into song (song_id, song_title, date_added, number_of_times_played, is_recommended, username, artist, album, online_link, offline_link) values (19, 'nonummy maecenas tincidunt lacus at', '2015-10-29 06:30:00', 27, false, 'jhillf', 'Ryan Nguyen', 'enim', 'http://google.pl/tempor/turpis/nec.aspx', '/quis/justo.jpg');
insert into song (song_id, song_title, date_added, number_of_times_played, is_recommended, username, artist, album, online_link, offline_link) values (20, 'parturient montes nascetur ridiculus', '2014-12-01 10:47:15', 75, false, 'jhillf', 'Andrea Owens', 'lobortis ligula sit', 'http://un.org/aliquam/quis.json', null);
insert into song (song_id, song_title, date_added, number_of_times_played, is_recommended, username, artist, album, online_link, offline_link) values (21, 'justo aliquam quis turpis eget', '2015-06-09 22:58:10', 97, true, 'jjohnson1', 'Clarence Gordon', 'dapibus', 'http://prweb.com/sem/mauris/laoreet/ut.js', null);
insert into song (song_id, song_title, date_added, number_of_times_played, is_recommended, username, artist, album, online_link, offline_link) values (22, 'erat vestibulum', '2015-10-12 18:36:51', 100, false, 'mcoleman4', 'Lois Lawson', 'nulla', 'https://soundcloud.com/pretium/iaculis/justo/in/hac/habitasse.js', '/tempor.json');
insert into song (song_id, song_title, date_added, number_of_times_played, is_recommended, username, artist, album, online_link, offline_link) values (23, 'nulla sed accumsan', '2015-07-26 18:36:58', 75, false, 'mcoleman4', 'Lois Lawson', 'in imperdiet', 'https://nhs.uk/integer/pede/justo/lacinia/eget/tincidunt/eget.xml', null);
insert into song (song_id, song_title, date_added, number_of_times_played, is_recommended, username, artist, album, online_link, offline_link) values (24, 'eleifend luctus ultricies eu', '2015-06-06 15:22:06', 87, true, 'jjohnson1', 'Tammy Baker', 'nulla', 'http://xing.com/dis.png', null);
insert into song (song_id, song_title, date_added, number_of_times_played, is_recommended, username, artist, album, online_link, offline_link) values (25, 'nisi volutpat eleifend donec ut', '2014-12-03 13:06:28', 43, false, 'mcoleman4', 'Lois Lawson', 'posuere', null, '/in/felis/donec/semper.aspx');
insert into song (song_id, song_title, date_added, number_of_times_played, is_recommended, username, artist, album, online_link, offline_link) values (26, 'nulla eget eros elementum pellentesque quisque', '2015-04-28 19:44:42', 88, true, 'jhillf', 'Louise Evans', 'mattis odio', 'https://chron.com/pede/ullamcorper/augue/a/suscipit.html', '/orci/mauris/lacinia/sapien/quis/libero.js');
insert into song (song_id, song_title, date_added, number_of_times_played, is_recommended, username, artist, album, online_link, offline_link) values (27, 'quam turpis adipiscing', '2015-04-20 15:25:40', 48, false, 'pbaileyb', 'Raymond Warren', 'mattis odio', 'http://va.gov/in/est/risus/auctor/sed/tristique/in.jsp', '/erat/nulla/tempus/vivamus/in/felis/eu.jsp');
insert into song (song_id, song_title, date_added, number_of_times_played, is_recommended, username, artist, album, online_link, offline_link) values (28, 'penatibus et magnis dis parturient montes', '2015-06-09 16:08:42', 27, false, 'jhillf', 'Andrea Owens', 'cum sociis', null, null);
insert into song (song_id, song_title, date_added, number_of_times_played, is_recommended, username, artist, album, online_link, offline_link) values (29, 'sit amet cursus', '2015-07-01 10:00:16', 57, true, 'ldaniels7', 'Ruth Fisher', 'enim', 'https://photobucket.com/duis/bibendum/morbi/non/quam/nec.jsp', null);
insert into song (song_id, song_title, date_added, number_of_times_played, is_recommended, username, artist, album, online_link, offline_link) values (30, 'vulputate justo in', '2015-07-10 21:25:17', 83, true, 'jhillf', 'Brian Little', 'vel lectus', 'https://house.gov/mi/integer.xml', '/feugiat.aspx');
insert into song (song_id, song_title, date_added, number_of_times_played, is_recommended, username, artist, album, online_link, offline_link) values (31, 'justo maecenas rhoncus', '2015-05-09 00:48:13', 36, true, 'jhillf', 'Andrea Owens', 'proin at turpis', 'http://qq.com/augue/a/suscipit/nulla/elit/ac/nulla.json', '/varius/nulla/facilisi/cras/non/velit.json');
insert into song (song_id, song_title, date_added, number_of_times_played, is_recommended, username, artist, album, online_link, offline_link) values (32, 'nascetur ridiculus mus vivamus', '2015-10-20 05:45:56', 35, false, 'rnelsond', 'Teresa Crawford', 'dapibus', 'http://bravesites.com/odio/odio/elementum/eu.html', null);
insert into song (song_id, song_title, date_added, number_of_times_played, is_recommended, username, artist, album, online_link, offline_link) values (33, 'lacus morbi sem', '2015-07-31 18:12:34', 94, true, 'plewis3', 'Raymond Warren', 'proin at turpis', 'https://wordpress.com/sed/justo/pellentesque/viverra/pede.jpg', '/in/ante/vestibulum/ante/ipsum/primis.aspx');
insert into song (song_id, song_title, date_added, number_of_times_played, is_recommended, username, artist, album, online_link, offline_link) values (34, 'quam a odio in hac', '2015-07-10 14:29:16', 81, true, 'emoore6', 'Ruth Fisher', 'ultrices posuere', 'https://ed.gov/nec/molestie/sed/justo/pellentesque/viverra/pede.jpg', null);
insert into song (song_id, song_title, date_added, number_of_times_played, is_recommended, username, artist, album, online_link, offline_link) values (35, 'in hac habitasse', '2015-11-19 06:27:45', 12, true, 'amorrisc', 'Alan Martinez', 'enim', 'http://wikia.com/cursus/urna/ut.jsp', null);
insert into song (song_id, song_title, date_added, number_of_times_played, is_recommended, username, artist, album, online_link, offline_link) values (36, 'ac leo pellentesque', '2015-01-18 09:16:25', 70, true, 'rnelsond', 'Alice Evans', 'dapibus', null, null);
insert into song (song_id, song_title, date_added, number_of_times_played, is_recommended, username, artist, album, online_link, offline_link) values (37, 'lectus pellentesque eget nunc', '2015-03-10 09:12:34', 23, false, 'rnelsond', 'Raymond Warren', 'mattis odio', null, '/pulvinar/lobortis/est/phasellus/sit/amet/erat.html');
insert into song (song_id, song_title, date_added, number_of_times_played, is_recommended, username, artist, album, online_link, offline_link) values (38, 'blandit ultrices enim', '2015-03-19 01:49:49', 48, true, 'plewis3', 'Alice Evans', 'in imperdiet', 'https://deviantart.com/eget/eleifend/luctus/ultricies/eu/nibh/quisque.json', null);
insert into song (song_id, song_title, date_added, number_of_times_played, is_recommended, username, artist, album, online_link, offline_link) values (39, 'mi nulla ac enim', '2015-11-15 11:30:07', 30, false, 'mcoleman4', 'Arthur Ramos', 'laoreet ut', 'http://stumbleupon.com/fusce/lacus/purus/aliquet/at/feugiat.png', '/pharetra/magna/ac/consequat.jsp');
insert into song (song_id, song_title, date_added, number_of_times_played, is_recommended, username, artist, album, online_link, offline_link) values (40, 'morbi non quam nec', '2015-01-31 11:39:06', 74, true, 'bwatsoni', 'Louise Lawson', 'vel lectus', null, null);
insert into song (song_id, song_title, date_added, number_of_times_played, is_recommended, username, artist, album, online_link, offline_link) values (41, 'orci luctus et ultrices', '2015-09-23 14:41:01', 62, true, 'rnelsond', 'Lois Lawson', 'nonummy', null, null);
insert into song (song_id, song_title, date_added, number_of_times_played, is_recommended, username, artist, album, online_link, offline_link) values (42, 'in faucibus', '2015-03-03 11:35:59', 27, false, 'mcoleman4', 'Ryan Nguyen', 'in imperdiet', null, '/odio/in/hac/habitasse.jpg');
insert into song (song_id, song_title, date_added, number_of_times_played, is_recommended, username, artist, album, online_link, offline_link) values (43, 'hac habitasse platea dictumst aliquam augue', '2015-03-22 12:12:29', 85, true, 'bwatsoni', 'Tammy Baker', 'vel lectus', null, null);
insert into song (song_id, song_title, date_added, number_of_times_played, is_recommended, username, artist, album, online_link, offline_link) values (44, 'posuere cubilia curae nulla', '2015-10-12 21:34:14', 8, true, 'ldaniels7', 'Gloria Morris', 'ligula in lacus', 'http://psu.edu/ultrices/enim/lorem.jsp', null);
insert into song (song_id, song_title, date_added, number_of_times_played, is_recommended, username, artist, album, online_link, offline_link) values (45, 'eu magna vulputate', '2014-12-07 08:50:14', 34, false, 'ldaniels7', 'Alan Martinez', 'laoreet ut', 'http://ning.com/dui/vel/sem/sed.jpg', '/orci/pede/venenatis/non/sodales.json');
insert into song (song_id, song_title, date_added, number_of_times_played, is_recommended, username, artist, album, online_link, offline_link) values (46, 'est congue', '2015-06-19 14:06:25', 69, false, 'ldaniels7', 'Douglas Brown', 'posuere', null, '/aliquet/maecenas.json');
insert into song (song_id, song_title, date_added, number_of_times_played, is_recommended, username, artist, album, online_link, offline_link) values (47, 'ullamcorper purus sit amet nulla quisque', '2015-05-04 06:51:53', 66, true, 'jjohnson1', 'Alice Evans', 'proin at turpis', 'http://twitpic.com/lectus/in/quam.png', null);
insert into song (song_id, song_title, date_added, number_of_times_played, is_recommended, username, artist, album, online_link, offline_link) values (48, 'nonummy integer non velit donec diam', '2015-07-09 07:33:54', 45, true, 'amorrisc', 'Teresa Crawford', 'ultrices posuere', 'http://is.gd/pellentesque/quisque.xml', '/curabitur/convallis/duis.xml');
insert into song (song_id, song_title, date_added, number_of_times_played, is_recommended, username, artist, album, online_link, offline_link) values (49, 'elementum in hac habitasse platea', '2015-03-12 21:42:08', 1, false, 'amorrisc', 'Louise Evans', 'odio', 'https://rakuten.co.jp/semper/est/quam.xml', '/odio/condimentum/id.jpg');
insert into song (song_id, song_title, date_added, number_of_times_played, is_recommended, username, artist, album, online_link, offline_link) values (50, 'auctor sed tristique in tempus sit', '2015-11-10 11:48:54', 100, true, 'pbaileyb', 'Andrew Riley', 'cum sociis', 'https://networkadvertising.org/cubilia/curae/donec.jpg', null);
insert into song (song_id, song_title, date_added, number_of_times_played, is_recommended, username, artist, album, online_link, offline_link) values (51, 'id turpis integer aliquet massa', '2015-08-24 09:04:34', 18, true, 'jjohnson1', 'Denise Gomez', 'lobortis ligula sit', 'https://dion.ne.jp/libero/rutrum/ac/lobortis.aspx', null);
insert into song (song_id, song_title, date_added, number_of_times_played, is_recommended, username, artist, album, online_link, offline_link) values (52, 'sit amet turpis elementum ligula vehicula', '2015-09-19 04:33:19', 24, false, 'jjohnson1', 'Clarence Gordon', 'convallis', 'http://apache.org/habitasse/platea/dictumst/maecenas/ut/massa/quis.png', '/quis/augue/luctus/tincidunt/nulla/mollis/molestie.html');
insert into song (song_id, song_title, date_added, number_of_times_played, is_recommended, username, artist, album, online_link, offline_link) values (53, 'dolor vel est donec odio justo', '2014-12-07 15:15:25', 79, true, 'jjohnson1', 'Tammy Baker', 'blandit ultrices', 'https://chron.com/sed/augue/aliquam/erat/volutpat/in.png', null);
insert into song (song_id, song_title, date_added, number_of_times_played, is_recommended, username, artist, album, online_link, offline_link) values (54, 'at feugiat', '2015-08-03 09:16:13', 10, false, 'mcoleman4', 'Brian Little', 'ligula in lacus', 'http://vinaora.com/ac/neque.jsp', null);
insert into song (song_id, song_title, date_added, number_of_times_played, is_recommended, username, artist, album, online_link, offline_link) values (55, 'id ligula', '2015-10-13 02:42:18', 18, false, 'bwatsoni', 'Raymond Warren', 'diam nam', 'https://sciencedaily.com/sed/interdum/venenatis/turpis/enim.html', '/libero/ut/massa/volutpat.json');
insert into song (song_id, song_title, date_added, number_of_times_played, is_recommended, username, artist, album, online_link, offline_link) values (56, 'diam nam', '2015-04-10 18:24:15', 16, true, 'ldaniels7', 'Annie Owens', 'in', 'https://scribd.com/turpis/sed/ante.jsp', '/eget/eleifend.js');
insert into song (song_id, song_title, date_added, number_of_times_played, is_recommended, username, artist, album, online_link, offline_link) values (57, 'nulla tempus vivamus in felis eu', '2015-01-29 20:06:38', 88, true, 'jjohnson1', 'Louise Lawson', 'odio', 'https://storify.com/pretium/quis/lectus/suspendisse/potenti.xml', null);
insert into song (song_id, song_title, date_added, number_of_times_played, is_recommended, username, artist, album, online_link, offline_link) values (58, 'commodo placerat praesent blandit nam', '2015-08-31 00:08:59', 89, false, 'pbaileyb', 'Louise Lawson', 'eu', null, null);
insert into song (song_id, song_title, date_added, number_of_times_played, is_recommended, username, artist, album, online_link, offline_link) values (59, 'curae mauris', '2015-03-11 10:43:45', 96, true, 'amorrisc', 'Douglas Brown', 'diam nam', 'http://fotki.com/in/est/risus/auctor.json', null);
insert into song (song_id, song_title, date_added, number_of_times_played, is_recommended, username, artist, album, online_link, offline_link) values (60, 'eget tempus vel pede morbi', '2015-02-25 09:34:53', 32, false, 'ldaniels7', 'Louise Lawson', 'eget', 'http://netlog.com/non/sodales/sed/tincidunt/eu/felis.xml', '/auctor/gravida.jsp');
insert into song (song_id, song_title, date_added, number_of_times_played, is_recommended, username, artist, album, online_link, offline_link) values (61, 'eu felis fusce', '2015-03-14 20:24:04', 50, false, 'emoore6', 'Clarence Gordon', 'mattis odio', 'http://simplemachines.org/in/tempor/turpis.png', '/sagittis/dui/vel.js');
insert into song (song_id, song_title, date_added, number_of_times_played, is_recommended, username, artist, album, online_link, offline_link) values (62, 'a odio in', '2015-07-25 09:31:55', 36, true, 'jjohnson1', 'Arthur Ramos', 'proin at turpis', 'https://bloglovin.com/eget/orci/vehicula/condimentum.jsp', '/penatibus/et/magnis/dis/parturient.jsp');
insert into song (song_id, song_title, date_added, number_of_times_played, is_recommended, username, artist, album, online_link, offline_link) values (63, 'dui nec nisi volutpat eleifend donec', '2015-07-18 02:23:06', 83, true, 'bwatsoni', 'Gloria Morris', 'rhoncus dui vel', 'http://skype.com/placerat/ante/nulla/justo/aliquam.json', '/eget/eleifend/luctus/ultricies.xml');
insert into song (song_id, song_title, date_added, number_of_times_played, is_recommended, username, artist, album, online_link, offline_link) values (64, 'lacus morbi sem mauris laoreet', '2015-04-19 22:07:10', 39, true, 'bwatsoni', 'Douglas Brown', 'laoreet ut', 'https://myspace.com/rutrum/ac/lobortis/vel/dapibus/at/diam.xml', null);
insert into song (song_id, song_title, date_added, number_of_times_played, is_recommended, username, artist, album, online_link, offline_link) values (65, 'curae duis faucibus', '2015-08-26 05:58:40', 4, true, 'jhillf', 'Andrew Riley', 'posuere', 'https://mediafire.com/maecenas/leo/odio.js', null);
insert into song (song_id, song_title, date_added, number_of_times_played, is_recommended, username, artist, album, online_link, offline_link) values (66, 'sed lacus morbi sem', '2014-12-20 02:45:58', 1, true, 'jjohnson1', 'Arthur Ramos', 'in imperdiet', null, null);
insert into song (song_id, song_title, date_added, number_of_times_played, is_recommended, username, artist, album, online_link, offline_link) values (67, 'congue etiam justo etiam pretium iaculis', '2014-12-23 19:25:25', 27, false, 'jhillf', 'Raymond Warren', 'ultrices posuere', 'https://state.tx.us/sem/praesent/id/massa/id/nisl/venenatis.aspx', '/nulla/dapibus/dolor/vel/est/donec.jpg');
insert into song (song_id, song_title, date_added, number_of_times_played, is_recommended, username, artist, album, online_link, offline_link) values (68, 'at turpis donec', '2015-03-01 06:01:31', 95, false, 'bwatsoni', 'Douglas Brown', 'ultrices posuere', null, null);
insert into song (song_id, song_title, date_added, number_of_times_played, is_recommended, username, artist, album, online_link, offline_link) values (69, 'fermentum justo nec condimentum', '2015-10-27 15:44:34', 29, true, 'mcoleman4', 'Arthur Ramos', 'nonummy', 'http://typepad.com/in/leo.jpg', '/at/ipsum/ac/tellus/semper/interdum/mauris.xml');
insert into song (song_id, song_title, date_added, number_of_times_played, is_recommended, username, artist, album, online_link, offline_link) values (70, 'in lacus curabitur', '2015-01-13 14:46:23', 85, false, 'plewis3', 'Andrew Riley', 'posuere', 'http://ucoz.ru/luctus/et/ultrices/posuere/cubilia/curae.png', '/nulla/suscipit/ligula/in.js');
insert into song (song_id, song_title, date_added, number_of_times_played, is_recommended, username, artist, album, online_link, offline_link) values (71, 'enim blandit mi in', '2015-07-24 16:31:11', 84, true, 'jhillf', 'Raymond Warren', 'in imperdiet', null, null);
insert into song (song_id, song_title, date_added, number_of_times_played, is_recommended, username, artist, album, online_link, offline_link) values (72, 'rutrum nulla', '2015-05-23 20:49:09', 29, true, 'plewis3', 'Alice Evans', 'cum sociis', 'http://vkontakte.ru/erat/fermentum/justo/nec/condimentum.png', null);
insert into song (song_id, song_title, date_added, number_of_times_played, is_recommended, username, artist, album, online_link, offline_link) values (73, 'nunc proin', '2015-02-24 06:37:03', 27, false, 'bwatsoni', 'Beverly Hill', 'vel lectus', null, '/sit/amet/erat/nulla/tempus.jsp');
insert into song (song_id, song_title, date_added, number_of_times_played, is_recommended, username, artist, album, online_link, offline_link) values (74, 'adipiscing molestie hendrerit', '2015-03-20 04:13:13', 43, true, 'jjohnson1', 'Tammy Baker', 'ligula in lacus', 'https://mit.edu/lacinia/aenean/sit/amet/justo/morbi.jpg', '/ac/consequat/metus/sapien/ut/nunc/vestibulum.js');
insert into song (song_id, song_title, date_added, number_of_times_played, is_recommended, username, artist, album, online_link, offline_link) values (75, 'quam pede lobortis ligula', '2015-03-10 06:32:25', 67, true, 'mcoleman4', 'Teresa Crawford', 'eget', null, '/orci/luctus/et/ultrices/posuere.json');
insert into song (song_id, song_title, date_added, number_of_times_played, is_recommended, username, artist, album, online_link, offline_link) values (76, 'eget rutrum at', '2015-01-22 20:01:24', 78, false, 'emoore6', 'Gloria Morris', 'diam nam', null, '/mauris/non/ligula/pellentesque/ultrices/phasellus.js');
insert into song (song_id, song_title, date_added, number_of_times_played, is_recommended, username, artist, album, online_link, offline_link) values (77, 'et magnis dis parturient montes nascetur', '2015-08-31 01:17:07', 31, true, 'jjohnson1', 'Arthur Ramos', 'ultrices posuere', 'https://scientificamerican.com/venenatis/tristique.js', '/ligula/suspendisse/ornare/consequat.aspx');
insert into song (song_id, song_title, date_added, number_of_times_played, is_recommended, username, artist, album, online_link, offline_link) values (78, 'sapien arcu', '2015-01-14 19:49:42', 22, true, 'mcoleman4', 'Andrew Riley', 'odio', null, null);
insert into song (song_id, song_title, date_added, number_of_times_played, is_recommended, username, artist, album, online_link, offline_link) values (79, 'nulla elit', '2015-05-11 21:05:02', 74, true, 'bwatsoni', 'Alice Evans', 'mattis odio', 'http://mapquest.com/ut/volutpat/sapien.html', null);
insert into song (song_id, song_title, date_added, number_of_times_played, is_recommended, username, artist, album, online_link, offline_link) values (80, 'mus etiam vel', '2015-07-22 07:15:21', 40, false, 'pbaileyb', 'Ruth Fisher', 'mattis odio', 'https://webeden.co.uk/in/faucibus.aspx', null);
insert into song (song_id, song_title, date_added, number_of_times_played, is_recommended, username, artist, album, online_link, offline_link) values (81, 'neque sapien', '2015-04-16 09:34:38', 1, false, 'bwatsoni', 'Brian Little', 'vivamus', 'http://macromedia.com/eu.jpg', '/congue.png');
insert into song (song_id, song_title, date_added, number_of_times_played, is_recommended, username, artist, album, online_link, offline_link) values (82, 'morbi quis tortor id', '2015-03-01 06:09:04', 1, false, 'emoore6', 'Andrew Riley', 'nonummy', null, '/etiam.aspx');
insert into song (song_id, song_title, date_added, number_of_times_played, is_recommended, username, artist, album, online_link, offline_link) values (83, 'iaculis justo in hac habitasse', '2015-01-28 16:49:08', 98, false, 'plewis3', 'Louise Lawson', 'mattis odio', null, null);
insert into song (song_id, song_title, date_added, number_of_times_played, is_recommended, username, artist, album, online_link, offline_link) values (84, 'non mi integer ac neque', '2014-12-13 17:52:56', 96, true, 'jhillf', 'Clarence Gordon', 'proin at turpis', 'http://state.gov/fermentum/justo/nec.xml', '/bibendum.aspx');
insert into song (song_id, song_title, date_added, number_of_times_played, is_recommended, username, artist, album, online_link, offline_link) values (85, 'nulla nisl', '2015-03-17 00:50:29', 44, true, 'mcoleman4', 'Andrea Owens', 'enim', 'http://networksolutions.com/praesent/lectus/vestibulum/quam/sapien/varius.jsp', null);
insert into song (song_id, song_title, date_added, number_of_times_played, is_recommended, username, artist, album, online_link, offline_link) values (86, 'nisl aenean lectus pellentesque eget', '2015-06-06 17:31:59', 33, true, 'ldaniels7', 'Ruth Fisher', 'lobortis ligula sit', 'http://uiuc.edu/sit/amet.jsp', '/nec/molestie/sed/justo/pellentesque/viverra/pede.png');
insert into song (song_id, song_title, date_added, number_of_times_played, is_recommended, username, artist, album, online_link, offline_link) values (87, 'ultrices mattis odio donec', '2015-10-10 14:18:19', 13, false, 'ldaniels7', 'Andrew Riley', 'nonummy', 'http://upenn.edu/elementum/ligula/vehicula.xml', null);
insert into song (song_id, song_title, date_added, number_of_times_played, is_recommended, username, artist, album, online_link, offline_link) values (88, 'blandit nam nulla integer pede justo', '2015-10-23 04:16:55', 42, false, 'ldaniels7', 'Beverly Hill', 'odio in', 'http://fastcompany.com/elit.aspx', '/tortor/id/nulla/ultrices.jpg');
insert into song (song_id, song_title, date_added, number_of_times_played, is_recommended, username, artist, album, online_link, offline_link) values (89, 'proin eu mi nulla ac enim', '2015-03-18 00:07:49', 4, false, 'mcoleman4', 'Raymond Warren', 'nonummy', 'https://baidu.com/morbi/a.jsp', '/justo/eu/massa/donec.png');
insert into song (song_id, song_title, date_added, number_of_times_played, is_recommended, username, artist, album, online_link, offline_link) values (90, 'id ligula', '2015-08-18 19:20:36', 28, false, 'amorrisc', 'Andrea Owens', 'dapibus', 'https://zimbio.com/libero/quis/orci.xml', '/cras/non/velit/nec/nisi/vulputate/nonummy.json');
insert into song (song_id, song_title, date_added, number_of_times_played, is_recommended, username, artist, album, online_link, offline_link) values (91, 'duis at velit eu', '2015-03-05 10:53:12', 51, false, 'ldaniels7', 'Denise Gomez', 'vulputate elementum nullam', 'http://shutterfly.com/integer/pede/justo.jsp', null);
insert into song (song_id, song_title, date_added, number_of_times_played, is_recommended, username, artist, album, online_link, offline_link) values (92, 'elementum ligula vehicula consequat', '2015-04-12 17:36:34', 88, true, 'amorrisc', 'Ruth Fisher', 'cum sociis', 'https://infoseek.co.jp/faucibus/cursus.xml', '/imperdiet.aspx');
insert into song (song_id, song_title, date_added, number_of_times_played, is_recommended, username, artist, album, online_link, offline_link) values (93, 'quisque porta volutpat erat quisque erat', '2015-03-06 17:20:34', 31, false, 'jhillf', 'Andrea Owens', 'vulputate elementum nullam', 'https://bbb.org/posuere.js', null);
insert into song (song_id, song_title, date_added, number_of_times_played, is_recommended, username, artist, album, online_link, offline_link) values (94, 'potenti cras in purus eu magna', '2015-02-12 09:52:10', 44, true, 'bwatsoni', 'Raymond Warren', 'orci luctus et', 'https://mozilla.org/placerat/praesent/blandit/nam/nulla.jsp', '/amet/sapien/dignissim.png');
insert into song (song_id, song_title, date_added, number_of_times_played, is_recommended, username, artist, album, online_link, offline_link) values (95, 'porttitor id consequat in consequat ut', '2015-06-20 23:02:12', 2, false, 'bwatsoni', 'Brian Little', 'odio', null, null);
insert into song (song_id, song_title, date_added, number_of_times_played, is_recommended, username, artist, album, online_link, offline_link) values (96, 'ante nulla justo aliquam', '2014-12-04 12:47:03', 42, true, 'rnelsond', 'Douglas Brown', 'diam nam', 'https://hp.com/justo/etiam/pretium.xml', '/magnis/dis/parturient/montes/nascetur/ridiculus/mus.jpg');
insert into song (song_id, song_title, date_added, number_of_times_played, is_recommended, username, artist, album, online_link, offline_link) values (97, 'non pretium quis lectus', '2015-05-09 02:55:30', 45, false, 'pbaileyb', 'Alan Martinez', 'orci luctus et', 'http://howstuffworks.com/amet/cursus/id/turpis/integer/aliquet/massa.html', '/pede.jpg');
insert into song (song_id, song_title, date_added, number_of_times_played, is_recommended, username, artist, album, online_link, offline_link) values (98, 'duis at velit eu est congue', '2014-12-16 21:10:25', 91, true, 'plewis3', 'Beverly Hill', 'eu', 'http://thetimes.co.uk/dui/nec/nisi/volutpat.html', null);
insert into song (song_id, song_title, date_added, number_of_times_played, is_recommended, username, artist, album, online_link, offline_link) values (99, 'lectus pellentesque eget nunc donec quis', '2015-02-01 18:15:37', 84, false, 'jhillf', 'Arthur Ramos', 'lobortis ligula sit', null, null);
insert into song (song_id, song_title, date_added, number_of_times_played, is_recommended, username, artist, album, online_link, offline_link) values (100, 'integer a', '2015-02-19 18:39:47', 25, true, 'amorrisc', 'Louise Lawson', 'nonummy', 'http://cocolog-nifty.com/mus/vivamus/vestibulum.aspx', '/semper/porta/volutpat/quam/pede/lobortis/ligula.jsp');

update album set album_number_of_songs = (select count(1) from song where song.album = album.album_name);

insert into playlist (playlist_id, playlist_name, number_of_songs, number_of_times_played, username) values (1, 'pharetra magna vestibulum', 0, 37, 'rnelsond');
insert into playlist (playlist_id, playlist_name, number_of_songs, number_of_times_played, username) values (2, 'turpis nec', 0, 14, 'ldaniels7');
insert into playlist (playlist_id, playlist_name, number_of_songs, number_of_times_played, username) values (3, 'in', 0, 98, 'jjohnson1');
insert into playlist (playlist_id, playlist_name, number_of_songs, number_of_times_played, username) values (4, 'cras in', 0, 49, 'pbaileyb');
insert into playlist (playlist_id, playlist_name, number_of_songs, number_of_times_played, username) values (5, 'venenatis tristique', 0, 20, 'emoore6');
insert into playlist (playlist_id, playlist_name, number_of_songs, number_of_times_played, username) values (6, 'nunc', 0, 52, 'ldaniels7');
insert into playlist (playlist_id, playlist_name, number_of_songs, number_of_times_played, username) values (7, 'penatibus et', 0, 52, 'amorrisc');
insert into playlist (playlist_id, playlist_name, number_of_songs, number_of_times_played, username) values (8, 'amet', 0, 68, 'emoore6');
insert into playlist (playlist_id, playlist_name, number_of_songs, number_of_times_played, username) values (9, 'sit', 0, 9, 'amorrisc');
insert into playlist (playlist_id, playlist_name, number_of_songs, number_of_times_played, username) values (10, 'magnis dis', 0, 15, 'ldaniels7');
insert into playlist (playlist_id, playlist_name, number_of_songs, number_of_times_played, username) values (11, 'sapien cum', 0, 78, 'ldaniels7');
insert into playlist (playlist_id, playlist_name, number_of_songs, number_of_times_played, username) values (12, 'in blandit ultrices', 0, 70, 'ldaniels7');
insert into playlist (playlist_id, playlist_name, number_of_songs, number_of_times_played, username) values (13, 'quam a', 0, 86, 'pbaileyb');
insert into playlist (playlist_id, playlist_name, number_of_songs, number_of_times_played, username) values (14, 'sed', 0, 1, 'plewis3');
insert into playlist (playlist_id, playlist_name, number_of_songs, number_of_times_played, username) values (15, 'libero', 0, 66, 'jhillf');
insert into playlist (playlist_id, playlist_name, number_of_songs, number_of_times_played, username) values (16, 'pellentesque eget nunc', 0, 17, 'plewis3');
insert into playlist (playlist_id, playlist_name, number_of_songs, number_of_times_played, username) values (17, 'mauris', 0, 2, 'bwatsoni');
insert into playlist (playlist_id, playlist_name, number_of_songs, number_of_times_played, username) values (18, 'augue aliquam', 0, 11, 'pbaileyb');
insert into playlist (playlist_id, playlist_name, number_of_songs, number_of_times_played, username) values (19, 'erat vestibulum sed', 0, 3, 'pbaileyb');
insert into playlist (playlist_id, playlist_name, number_of_songs, number_of_times_played, username) values (20, 'ac tellus semper', 0, 38, 'amorrisc');
insert into playlist (playlist_id, playlist_name, number_of_songs, number_of_times_played, username) values (21, 'mollis molestie lorem', 0, 78, 'amorrisc');
insert into playlist (playlist_id, playlist_name, number_of_songs, number_of_times_played, username) values (22, 'non sodales sed', 0, 43, 'jhillf');
insert into playlist (playlist_id, playlist_name, number_of_songs, number_of_times_played, username) values (23, 'mauris lacinia', 0, 21, 'emoore6');
insert into playlist (playlist_id, playlist_name, number_of_songs, number_of_times_played, username) values (24, 'at', 0, 7, 'rnelsond');
insert into playlist (playlist_id, playlist_name, number_of_songs, number_of_times_played, username) values (25, 'vel pede morbi', 0, 36, 'amorrisc');
insert into playlist (playlist_id, playlist_name, number_of_songs, number_of_times_played, username) values (26, 'consequat', 0, 43, 'plewis3');
insert into playlist (playlist_id, playlist_name, number_of_songs, number_of_times_played, username) values (27, 'vivamus vel nulla', 0, 7, 'mcoleman4');
insert into playlist (playlist_id, playlist_name, number_of_songs, number_of_times_played, username) values (28, 'curabitur in libero', 0, 99, 'jhillf');
insert into playlist (playlist_id, playlist_name, number_of_songs, number_of_times_played, username) values (29, 'tincidunt', 0, 92, 'pbaileyb');
insert into playlist (playlist_id, playlist_name, number_of_songs, number_of_times_played, username) values (30, 'consequat', 0, 83, 'rnelsond');

insert into playlist_song (playlist_song_id, playlist_id, song_id) values (1, 19, 82);
insert into playlist_song (playlist_song_id, playlist_id, song_id) values (2, 1, 31);
insert into playlist_song (playlist_song_id, playlist_id, song_id) values (3, 21, 89);
insert into playlist_song (playlist_song_id, playlist_id, song_id) values (4, 12, 80);
insert into playlist_song (playlist_song_id, playlist_id, song_id) values (5, 19, 90);
insert into playlist_song (playlist_song_id, playlist_id, song_id) values (6, 29, 4);
insert into playlist_song (playlist_song_id, playlist_id, song_id) values (7, 16, 35);
insert into playlist_song (playlist_song_id, playlist_id, song_id) values (8, 7, 32);
insert into playlist_song (playlist_song_id, playlist_id, song_id) values (9, 4, 94);
insert into playlist_song (playlist_song_id, playlist_id, song_id) values (10, 19, 72);
insert into playlist_song (playlist_song_id, playlist_id, song_id) values (11, 7, 54);
insert into playlist_song (playlist_song_id, playlist_id, song_id) values (12, 28, 16);
insert into playlist_song (playlist_song_id, playlist_id, song_id) values (13, 5, 83);
insert into playlist_song (playlist_song_id, playlist_id, song_id) values (14, 23, 57);
insert into playlist_song (playlist_song_id, playlist_id, song_id) values (15, 12, 24);
insert into playlist_song (playlist_song_id, playlist_id, song_id) values (16, 30, 58);
insert into playlist_song (playlist_song_id, playlist_id, song_id) values (17, 13, 70);
insert into playlist_song (playlist_song_id, playlist_id, song_id) values (18, 24, 18);
insert into playlist_song (playlist_song_id, playlist_id, song_id) values (19, 5, 40);
insert into playlist_song (playlist_song_id, playlist_id, song_id) values (20, 28, 48);
insert into playlist_song (playlist_song_id, playlist_id, song_id) values (21, 30, 46);
insert into playlist_song (playlist_song_id, playlist_id, song_id) values (22, 4, 76);
insert into playlist_song (playlist_song_id, playlist_id, song_id) values (23, 26, 84);
insert into playlist_song (playlist_song_id, playlist_id, song_id) values (24, 16, 78);
insert into playlist_song (playlist_song_id, playlist_id, song_id) values (25, 3, 51);
insert into playlist_song (playlist_song_id, playlist_id, song_id) values (26, 30, 6);
insert into playlist_song (playlist_song_id, playlist_id, song_id) values (27, 6, 26);
insert into playlist_song (playlist_song_id, playlist_id, song_id) values (28, 14, 11);
insert into playlist_song (playlist_song_id, playlist_id, song_id) values (29, 21, 19);
insert into playlist_song (playlist_song_id, playlist_id, song_id) values (30, 20, 54);
insert into playlist_song (playlist_song_id, playlist_id, song_id) values (31, 22, 82);
insert into playlist_song (playlist_song_id, playlist_id, song_id) values (32, 11, 51);
insert into playlist_song (playlist_song_id, playlist_id, song_id) values (33, 27, 71);
insert into playlist_song (playlist_song_id, playlist_id, song_id) values (34, 7, 32);
insert into playlist_song (playlist_song_id, playlist_id, song_id) values (35, 23, 71);
insert into playlist_song (playlist_song_id, playlist_id, song_id) values (36, 12, 41);
insert into playlist_song (playlist_song_id, playlist_id, song_id) values (37, 7, 31);
insert into playlist_song (playlist_song_id, playlist_id, song_id) values (38, 20, 91);
insert into playlist_song (playlist_song_id, playlist_id, song_id) values (39, 1, 97);
insert into playlist_song (playlist_song_id, playlist_id, song_id) values (40, 18, 56);
insert into playlist_song (playlist_song_id, playlist_id, song_id) values (41, 3, 73);
insert into playlist_song (playlist_song_id, playlist_id, song_id) values (42, 13, 77);
insert into playlist_song (playlist_song_id, playlist_id, song_id) values (43, 9, 47);
insert into playlist_song (playlist_song_id, playlist_id, song_id) values (44, 2, 9);
insert into playlist_song (playlist_song_id, playlist_id, song_id) values (45, 15, 89);
insert into playlist_song (playlist_song_id, playlist_id, song_id) values (46, 7, 23);
insert into playlist_song (playlist_song_id, playlist_id, song_id) values (47, 3, 54);
insert into playlist_song (playlist_song_id, playlist_id, song_id) values (48, 23, 23);
insert into playlist_song (playlist_song_id, playlist_id, song_id) values (49, 5, 59);
insert into playlist_song (playlist_song_id, playlist_id, song_id) values (50, 8, 59);
insert into playlist_song (playlist_song_id, playlist_id, song_id) values (51, 7, 56);
insert into playlist_song (playlist_song_id, playlist_id, song_id) values (52, 7, 15);
insert into playlist_song (playlist_song_id, playlist_id, song_id) values (53, 10, 59);
insert into playlist_song (playlist_song_id, playlist_id, song_id) values (54, 2, 35);
insert into playlist_song (playlist_song_id, playlist_id, song_id) values (55, 10, 63);
insert into playlist_song (playlist_song_id, playlist_id, song_id) values (56, 13, 43);
insert into playlist_song (playlist_song_id, playlist_id, song_id) values (57, 8, 100);
insert into playlist_song (playlist_song_id, playlist_id, song_id) values (58, 27, 88);
insert into playlist_song (playlist_song_id, playlist_id, song_id) values (59, 10, 68);
insert into playlist_song (playlist_song_id, playlist_id, song_id) values (60, 19, 65);
insert into playlist_song (playlist_song_id, playlist_id, song_id) values (61, 18, 55);
insert into playlist_song (playlist_song_id, playlist_id, song_id) values (62, 9, 48);
insert into playlist_song (playlist_song_id, playlist_id, song_id) values (63, 12, 68);
insert into playlist_song (playlist_song_id, playlist_id, song_id) values (64, 1, 16);
insert into playlist_song (playlist_song_id, playlist_id, song_id) values (65, 3, 6);
insert into playlist_song (playlist_song_id, playlist_id, song_id) values (66, 19, 85);
insert into playlist_song (playlist_song_id, playlist_id, song_id) values (67, 5, 3);
insert into playlist_song (playlist_song_id, playlist_id, song_id) values (68, 27, 5);
insert into playlist_song (playlist_song_id, playlist_id, song_id) values (69, 4, 75);
insert into playlist_song (playlist_song_id, playlist_id, song_id) values (70, 3, 31);
insert into playlist_song (playlist_song_id, playlist_id, song_id) values (71, 2, 70);
insert into playlist_song (playlist_song_id, playlist_id, song_id) values (72, 14, 31);
insert into playlist_song (playlist_song_id, playlist_id, song_id) values (73, 12, 20);
insert into playlist_song (playlist_song_id, playlist_id, song_id) values (74, 21, 95);
insert into playlist_song (playlist_song_id, playlist_id, song_id) values (75, 29, 21);
insert into playlist_song (playlist_song_id, playlist_id, song_id) values (76, 20, 71);
insert into playlist_song (playlist_song_id, playlist_id, song_id) values (77, 23, 81);
insert into playlist_song (playlist_song_id, playlist_id, song_id) values (78, 29, 30);
insert into playlist_song (playlist_song_id, playlist_id, song_id) values (79, 26, 50);
insert into playlist_song (playlist_song_id, playlist_id, song_id) values (80, 10, 36);
insert into playlist_song (playlist_song_id, playlist_id, song_id) values (81, 14, 50);
insert into playlist_song (playlist_song_id, playlist_id, song_id) values (82, 7, 84);
insert into playlist_song (playlist_song_id, playlist_id, song_id) values (83, 23, 53);
insert into playlist_song (playlist_song_id, playlist_id, song_id) values (84, 25, 43);
insert into playlist_song (playlist_song_id, playlist_id, song_id) values (85, 2, 16);
insert into playlist_song (playlist_song_id, playlist_id, song_id) values (86, 13, 58);
insert into playlist_song (playlist_song_id, playlist_id, song_id) values (87, 29, 85);
insert into playlist_song (playlist_song_id, playlist_id, song_id) values (88, 19, 69);
insert into playlist_song (playlist_song_id, playlist_id, song_id) values (89, 3, 31);
insert into playlist_song (playlist_song_id, playlist_id, song_id) values (90, 24, 72);
insert into playlist_song (playlist_song_id, playlist_id, song_id) values (91, 2, 30);
insert into playlist_song (playlist_song_id, playlist_id, song_id) values (92, 27, 4);
insert into playlist_song (playlist_song_id, playlist_id, song_id) values (93, 30, 60);
insert into playlist_song (playlist_song_id, playlist_id, song_id) values (94, 27, 73);
insert into playlist_song (playlist_song_id, playlist_id, song_id) values (95, 2, 21);
insert into playlist_song (playlist_song_id, playlist_id, song_id) values (96, 18, 12);
insert into playlist_song (playlist_song_id, playlist_id, song_id) values (97, 18, 27);
insert into playlist_song (playlist_song_id, playlist_id, song_id) values (98, 3, 81);
insert into playlist_song (playlist_song_id, playlist_id, song_id) values (99, 5, 62);
insert into playlist_song (playlist_song_id, playlist_id, song_id) values (100, 17, 28);

update playlist set number_of_songs = (select count(1) from playlist_song where playlist_song.playlist_id = playlist.playlist_id);

select setval('album_album_id_seq',30);
select setval('song_song_id_seq',100);
select setval('playlist_playlist_id_seq',30);
select setval('playlist_song_playlist_song_id_seq',100);